Year,Quarter,MType,資料日期,公司代號,公司名稱,營業活動之淨現金流入（流出）,投資活動之淨現金流入（流出）,籌資活動之淨現金流入（流出）,匯率變動對現金及約當現金之影響,本期現金及約當現金增加（減少）數,期初現金及約當現金餘額,期末現金及約當現金餘額
2026,2,otc,2026-08-09,1259,安心,439646,-209376,211350,0,441620,342985,784605
2026,2,otc,2026-08-09,1268,漢來美食,515879,-481591,-140093,,-105805,929985,824180
2026,2,otc,2026-08-09,1565,精華,131638,80599,-75406,342,137173,2171339,2308512
2026,2,otc,2026-08-09,1570,力肯,53892,-4816,-2553,250,46773,398168,444941
2026,2,otc,2026-08-09,1584,精剛,283999,-567398,214651,,-68748,554147,485399
2026,2,otc,2026-08-09,1599,宏佳騰,97845,-15204,-90673,12605,4573,461900,466473
2026,2,otc,2026-08-09,1777,生泰,82860,-16970,-1440,,64450,1048603,1113053
2026,2,otc,2026-08-09,1780,立弘,116847,-58679,315374,-26,373516,789081,1162597
2026,2,otc,2026-08-09,1796,金穎生技,41699,-20652,-20020,683,1710,280260,281970
2026,2,otc,2026-08-09,2065,世豐,77185,-49054,-58244,11791,-18322,270106,251784
2026,2,otc,2026-08-09,2643,捷迅,467196,-141976,-97937,6329,233612,516131,749743
2026,2,otc,2026-08-09,2937,集雅社,296673,321,-255738,,41256,234301,275557
2026,2,otc,2026-08-09,3088,艾訊,-64111,-33549,-13911,5719,-105852,1627659,1521807
2026,2,otc,2026-08-09,3118,進階,58652,403,-74012,,-14957,210338,195381
2026,2,otc,2026-08-09,3122,笙泉,-11462,173663,-185409,1007,-22201,58816,36615
2026,2,otc,2026-08-09,3141,晶宏,251635,114499,-94134,3627,275627,760762,1036389
2026,2,otc,2026-08-09,3152,璟德,270616,-114240,-300000,,-143624,273967,130343
2026,2,otc,2026-08-09,3163,波若威,-176173,-61440,-23510,17376,-243747,629133,385386
2026,2,otc,2026-08-09,3169,亞信,155387,-31984,-490,2329,125242,1422103,1547345
2026,2,otc,2026-08-09,3206,志豐,53453,62223,-1295,35114,149495,742485,891980
2026,2,otc,2026-08-09,3211,順達,-1311941,-2122787,2046684,145277,-1242767,3437848,2195081
2026,2,otc,2026-08-09,3213,茂訊,-373577,282454,-20974,1528,-110569,1558801,1448232
2026,2,otc,2026-08-09,3219,倚強科,-32944,-22984,256648,37724,238444,917181,1155625
2026,2,otc,2026-08-09,3228,金麗科,5741,-62448,70165,,13458,95783,109241
2026,2,otc,2026-08-09,3260,威剛,-8392303,-1948265,10088306,605050,352788,6007543,6360331
2026,2,otc,2026-08-09,3264,欣銓,2541239,-6128515,3194366,10554,-382356,2208131,1825775
2026,2,otc,2026-08-09,3265,台星科,735430,-1090754,928602,2739,576017,2300147,2876164
2026,2,otc,2026-08-09,3297,杭特,-42676,-3487,20000,-89,-26252,83969,57717
2026,2,otc,2026-08-09,3306,鼎天,15546,94711,-5941,,104316,137295,241611
2026,2,otc,2026-08-09,3317,尼克森,249743,-14278,-2209,2570,235826,1822260,2058086
2026,2,otc,2026-08-09,3324,雙鴻,376071,-2308722,5056274,9469,3133092,1438936,4572028
2026,2,otc,2026-08-09,3349,寶德,9586,849,-6235,-2874,1326,208396,209722
2026,2,otc,2026-08-09,3354,律勝,-2594,21492,254,-627,18525,99298,117823
2026,2,otc,2026-08-09,3372,典範,-12697,-49222,-1049,,-62968,286724,223756
2026,2,otc,2026-08-09,3374,精材,1650325,-1599990,1720396,,1770731,4354085,6124816
2026,2,otc,2026-08-09,3379,彬台,-140803,49084,-2689,2020,-92388,263633,171245
2026,2,otc,2026-08-09,3434,哲固,35191,-7027,-10462,48,17750,90193,107943
2026,2,otc,2026-08-09,3438,類比科,34139,261313,-193,,295259,651380,946639
2026,2,otc,2026-08-09,3444,利機,-7346,-3484,207579,1332,198081,509696,707777
2026,2,otc,2026-08-09,3511,矽瑪,37774,-27315,23295,685,34439,298189,332628
2026,2,otc,2026-08-09,3521,台鋼建設,-488972,319265,221195,0,51488,743370,794858
2026,2,otc,2026-08-09,3523,迎輝,-33298,-19156,51994,,-460,52883,52423
2026,2,otc,2026-08-09,3526,凡甲,424681,-466946,-1111677,59111,-1094831,2858025,1763194
2026,2,otc,2026-08-09,3527,聚積,68512,-43760,-14944,7510,17318,1211873,1229191
2026,2,otc,2026-08-09,3529,力旺,1376566,-158532,-1002,1829,1218861,3532058,4750919
2026,2,otc,2026-08-09,3531,先益,24056,82455,-16385,20419,110545,1121572,1232117
2026,2,otc,2026-08-09,3537,堡達,294616,-14959,-152448,5891,133100,377192,510292
2026,2,otc,2026-08-09,3555,博士旺,173892,-34448,-12379,23,127088,135098,262186
2026,2,otc,2026-08-09,3556,禾瑞亞,235118,-15988,-8559,382,210953,698143,909096
2026,2,otc,2026-08-09,3558,神準,-548609,-247594,-524449,-3839,-1324491,3673172,2348681
2026,2,otc,2026-08-09,3564,其陽,-290990,-103388,392438,12921,10981,419804,430785
2026,2,otc,2026-08-09,3577,泓格,140986,-23584,-659,3153,119896,172605,292501
2026,2,otc,2026-08-09,3623,富晶通,-8799,95440,-4768,,81873,54283,136156
2026,2,otc,2026-08-09,3628,盈正,71116,19624,-43331,16530,63939,344519,408458
2026,2,otc,2026-08-09,3675,德微,149140,-38312,301932,3324,416084,665979,1082063
2026,2,otc,2026-08-09,3684,榮昌,-82021,47952,-20312,4614,-49767,373519,323752
2026,2,otc,2026-08-09,4105,東洋,863703,-187567,-305456,32728,403408,2520849,2924257
2026,2,otc,2026-08-09,4116,明基醫,178466,-201494,-94137,-11000,-128165,949326,821161
2026,2,otc,2026-08-09,4121,優盛,142700,-68468,-171629,5316,-92081,613701,521620
2026,2,otc,2026-08-09,4126,太醫,263559,-196589,-6239,0,60731,825786,886517
2026,2,otc,2026-08-09,4131,浩泰,-29083,-44024,34870,,-38237,114506,76269
2026,2,otc,2026-08-09,4153,鈺緯,55840,197,-1580,647,55104,494033,549137
2026,2,otc,2026-08-09,4162,智擎,359380,-761792,-4342,,-406754,1583525,1176771
2026,2,otc,2026-08-09,4183,福永生技,18935,-7151,-2852,-447,8485,123078,131563
2026,2,otc,2026-08-09,4188,安克,-27994,21714,-2328,,-8608,24602,15994
2026,2,otc,2026-08-09,4205,中華食,155923,-15372,-5000,,135551,1162677,1298228
2026,2,otc,2026-08-09,4406,新昕纖,59502,69578,-99966,,29114,102485,131599
2026,2,otc,2026-08-09,4417,金洲,87597,-85045,-221768,59061,-160155,1119186,959031
2026,2,otc,2026-08-09,4420,光明,218071,-298,-192756,,25017,93292,118309
2026,2,otc,2026-08-09,4430,耀億,96095,-105396,15188,2373,8260,358692,366952
2026,2,otc,2026-08-09,4527,方方土霖,284676,-38790,-399202,9092,-144224,935069,790845
2026,2,otc,2026-08-09,4716,大立,51011,-20523,8482,15,38985,347917,386902
2026,2,otc,2026-08-09,4749,新應材,436117,-2567108,3051845,1532,922386,964728,1887114
2026,2,otc,2026-08-09,4760,勤凱科技,-434363,-126352,644614,-41,83858,128739,212597
2026,2,otc,2026-08-09,4772,台特化,733081,-871759,577185,25480,463987,2011736,2475723
2026,2,otc,2026-08-09,4911,德英,-1706,67663,-446,,65511,78413,143924
2026,2,otc,2026-08-09,4923,力士,5795,-2104,32630,2591,38912,175085,213997
2026,2,otc,2026-08-09,4939,亞電,-109568,-19116,-34091,37471,-125304,535895,410591
2026,2,otc,2026-08-09,4950,金耘國際,-103460,-32758,145549,1347,10678,113120,123798
2026,2,otc,2026-08-09,4953,緯致,-329930,-43432,-90813,43686,-420489,1744053,1323564
2026,2,otc,2026-08-09,4966,譜瑞-KY,784447,-156060,-1165674,45024,-492263,10899523,10407260
2026,2,otc,2026-08-09,4972,湯石照明,-49051,160773,21838,20581,154141,371852,525993
2026,2,otc,2026-08-09,4973,廣穎電通,-292951,-12861,784995,2783,481966,262261,744227
2026,2,otc,2026-08-09,4974,亞泰,340194,-2296,-8239,82324,411983,2882850,3294833
2026,2,otc,2026-08-09,4995,晶達,45614,-8530,-46127,-3341,-12384,248734,236350
2026,2,otc,2026-08-09,5209,新鼎,1106100,47676,-28109,-1515,1124152,1133799,2257951
2026,2,otc,2026-08-09,5211,蒙恬,-13896,12693,-896,1396,-703,48818,48115
2026,2,otc,2026-08-09,5228,鈺鎧,69056,-14327,-14325,,40404,52256,92660
2026,2,otc,2026-08-09,5272,笙科,-74488,34124,43417,471,3524,53783,57307
2026,2,otc,2026-08-09,5289,宜鼎,928573,-93781,6961035,36082,7831909,1645410,9477319
2026,2,otc,2026-08-09,5291,邑昇,-21391,-61886,102924,447,20094,167173,187267
2026,2,otc,2026-08-09,5299,杰力,187440,-148811,-3150,840,36319,216929,253248
2026,2,otc,2026-08-09,5340,建榮,149325,-292869,-4418,,-147962,393303,245341
2026,2,otc,2026-08-09,5344,立衛,4674,-15510,-5087,6163,-9760,63822,54062
2026,2,otc,2026-08-09,5351,鈺創,2236426,159318,-103532,1912,2294124,873575,3167699
2026,2,otc,2026-08-09,5353,台林,89819,-750,-3223,585,86431,543381,629812
2026,2,otc,2026-08-09,5371,中光電,2412056,1630664,-3798330,667299,911689,8918400,9830089
2026,2,otc,2026-08-09,5432,新門,-80678,-38,-1197,,-81913,215729,133816
2026,2,otc,2026-08-09,5443,均豪,103133,-153135,222372,12591,184961,1135548,1320509
2026,2,otc,2026-08-09,5452,佶優,-303687,-54637,464390,11513,117579,860268,977847
2026,2,otc,2026-08-09,5481,新華,-6156,-11966,-10868,-1,-28991,244496,215505
2026,2,otc,2026-08-09,5487,通泰,-6476,-618,,1613,-5481,244369,238888
2026,2,otc,2026-08-09,5490,同亨,113583,-2878,-6859,24954,128800,475029,603829
2026,2,otc,2026-08-09,5508,永信建,730208,-658,-694844,,34706,151388,186094
2026,2,otc,2026-08-09,5514,三豐,-134775,54374,335603,,255202,110002,365204
2026,2,otc,2026-08-09,5523,豐謙,-569751,-21166,572719,,-18198,44308,26110
2026,2,otc,2026-08-09,5603,陸海,-18136,6433,9671,9,-2023,151393,149370
2026,2,otc,2026-08-09,5604,中連,55052,161692,-218946,,-2202,6436,4234
2026,2,otc,2026-08-09,5704,老爺知,-53114,-320244,439510,,66152,156900,223052
2026,2,otc,2026-08-09,5864,致和證,-734630,-48646,779047,,-4229,36125,31896
2026,2,otc,2026-08-09,5902,德記,16213,-302869,5129,712,-280815,783185,502370
2026,2,otc,2026-08-09,5903,全家,7325105,-1318353,-4098459,746,1909039,7157594,9066633
2026,2,otc,2026-08-09,5904,寶雅,3362361,-836950,-910340,,1615071,3673438,5288509
2026,2,otc,2026-08-09,6114,久威,35800,-379690,-71773,221,-415442,1143736,728294
2026,2,otc,2026-08-09,6122,擎邦,394602,-2188,-122127,944,271231,318699,589930
2026,2,otc,2026-08-09,6126,信音,-180022,-1281368,614374,245035,-601981,2125240,1523259
2026,2,otc,2026-08-09,6143,振曜,-118623,-13979,-732192,-1565,-866359,3103208,2236849
2026,2,otc,2026-08-09,6146,耕興,-325338,896596,-33822,87455,624891,2060448,2685339
2026,2,otc,2026-08-09,6147,頎邦,272728,-1558847,403118,136434,-746567,6825157,6078590
2026,2,otc,2026-08-09,6156,松上,-42254,194586,-209407,42080,-14995,1298150,1283155
2026,2,otc,2026-08-09,6158,禾昌,19443,-62663,135777,13152,105709,325079,430788
2026,2,otc,2026-08-09,6161,捷波,156414,-135079,42937,13935,78207,509427,587634
2026,2,otc,2026-08-09,6180,橘子,122845,-812635,316777,9084,-363929,2001938,1638009
2026,2,otc,2026-08-09,6185,幃翔,-76904,-129718,-14053,22860,-197815,631914,434099
2026,2,otc,2026-08-09,6188,廣明,4007575,-3420772,1629078,5054,2220935,1869618,4090553
2026,2,otc,2026-08-09,6210,慶生,-24047,12007,80000,,67960,33674,101634
2026,2,otc,2026-08-09,6231,系微,290365,-657351,454393,9668,97075,1076805,1173880
2026,2,otc,2026-08-09,6233,旺玖,19757,131456,-9811,,141402,487116,628518
2026,2,otc,2026-08-09,6237,驊訊,-4965,-52017,102149,465,45632,286142,331774
2026,2,otc,2026-08-09,6248,沛波,300488,23437,-330997,,-7072,282172,275100
2026,2,otc,2026-08-09,6266,泰詠,109552,281352,-12977,5412,383339,277163,660502
2026,2,otc,2026-08-09,6274,台燿,-2282493,2603602,-398158,425474,348425,5164958,5513383
2026,2,otc,2026-08-09,6279,胡連,792603,-704616,-150922,98411,35476,906181,941657
2026,2,otc,2026-08-09,6290,良維,151190,-97656,1112041,29980,1195555,1590594,2786149
2026,2,otc,2026-08-09,6292,迅德,37332,-12828,75967,11004,111475,413438,524913
2026,2,otc,2026-08-09,6417,韋僑,206668,-20541,-46068,40,140099,544739,684838
2026,2,otc,2026-08-09,6441,廣錠,-141839,14482,94152,2,-33203,189478,156275
2026,2,otc,2026-08-09,6465,威潤,4541,13798,-1609,41,16771,69700,86471
2026,2,otc,2026-08-09,6486,互動,-419331,10662,96889,408,-311372,735849,424477
2026,2,otc,2026-08-09,6488,環球晶,2812066,5522316,-4211859,169419,4291942,19484156,23776098
2026,2,otc,2026-08-09,6494,九齊,247340,-131682,2301,798,118757,412554,531311
2026,2,otc,2026-08-09,6496,科懋,-60087,834,14794,222,-44237,185336,141099
2026,2,otc,2026-08-09,6499,益安,-233611,181995,-20426,3731,-68311,520786,452475
2026,2,otc,2026-08-09,6506,雙邦,121215,-53788,-15582,28,51873,103287,155160
2026,2,otc,2026-08-09,6510,精測,634963,-1758629,2551528,6898,1434760,4003824,5438584
2026,2,otc,2026-08-09,6512,啟發電,-13214,-863,-324,-193,-14594,236267,221673
2026,2,otc,2026-08-09,6527,明達醫,41335,-115885,26547,,-48003,132018,84015
2026,2,otc,2026-08-09,6532,瑞耘,69173,265604,-50596,-1040,283141,162797,445938
2026,2,otc,2026-08-09,6542,隆中,25906,-26880,-59330,2467,-57837,688660,630823
2026,2,otc,2026-08-09,6548,長科*,195033,-1305740,305113,252257,-553337,5396909,4843572
2026,2,otc,2026-08-09,6561,是方,704537,-94662,-938827,-5860,-334812,871182,536370
2026,2,otc,2026-08-09,6568,宏觀,154490,-155759,-62314,390,-63193,436474,373281
2026,2,otc,2026-08-09,6569,醫揚,-126207,-79681,92004,318,-113566,374339,260773
2026,2,otc,2026-08-09,6578,達邦蛋白,17888,-1367,-5699,-3175,7647,132165,139812
2026,2,otc,2026-08-09,6590,普鴻,4374,7268,-87587,,-75945,236226,160281
2026,2,otc,2026-08-09,6640,均華,185301,-231435,152582,13768,120216,718252,838468
2026,2,otc,2026-08-09,6642,富致,42495,-296984,169869,5147,-79473,238259,158786
2026,2,otc,2026-08-09,6643,M31,-128200,-80437,64983,1225,-142429,497689,355260
2026,2,otc,2026-08-09,6679,鈺太,470305,58531,-334040,16891,211687,429029,640716
2026,2,otc,2026-08-09,6680,鑫創電子,-99855,-23293,75607,192,-47349,246564,199215
2026,2,otc,2026-08-09,6690,安碁資訊,550570,-69996,-21162,,459412,894213,1353625
2026,2,otc,2026-08-09,6693,廣閎科,61532,-85941,30266,-2197,3660,466545,470205
2026,2,otc,2026-08-09,6716,應廣,157431,-13141,-90625,-4188,49477,576564,626041
2026,2,otc,2026-08-09,6730,常廣,44639,-20795,-5258,52,18638,95293,113931
2026,2,otc,2026-08-09,6732,昇佳電子,187580,-172362,-308275,6788,-286269,942732,656463
2026,2,otc,2026-08-09,6733,博晟生醫,-24654,-401158,358124,-424,-68112,217901,149789
2026,2,otc,2026-08-09,6751,智聯服務,-33714,-5402,30000,2083,-7033,240411,233378
2026,2,otc,2026-08-09,6761,穩得,-27558,-431747,330859,-4788,-133234,515168,381934
2026,2,otc,2026-08-09,6762,達亞,83178,-9237,-67709,,6232,171412,177644
2026,2,otc,2026-08-09,6767,台微醫,-7298,-30881,-1062,9,-39232,91837,52605
2026,2,otc,2026-08-09,6811,宏碁資訊,343967,1697,-29923,3575,319316,944155,1263471
2026,2,otc,2026-08-09,6844,諾貝兒,181581,125408,-113117,,193872,528169,722041
2026,2,otc,2026-08-09,6877,鏵友益,-91946,25214,-60883,610,-127005,381185,254180
2026,2,otc,2026-08-09,6884,海柏特,47583,-32979,18447,4648,37699,343219,380918
2026,2,otc,2026-08-09,6895,宏碩系統,81438,-80209,-92927,,-91698,329081,237383
2026,2,otc,2026-08-09,6907,雅特力-KY,457400,-7403,407654,38278,895929,812624,1708553
2026,2,otc,2026-08-09,6925,意藍,36937,18233,-44451,,10719,164699,175418
2026,2,otc,2026-08-09,6996,力領科技,411993,15390,-424140,2108,5351,633521,638872
2026,2,otc,2026-08-09,7642,昶瑞機電,-93913,-54140,88299,,-59754,299687,239933
2026,2,otc,2026-08-09,7753,星亞,58141,-7378,-2932,,47831,396127,443958
2026,2,otc,2026-08-09,7794,宏碁智新,32100,-6061,49433,-2791,72681,411998,484679
2026,2,otc,2026-08-09,7819,精誠金融,-137160,9221,160348,,32409,34578,66987
2026,2,otc,2026-08-09,8034,榮群,-24823,-262,-3652,,-28737,138472,109735
2026,2,otc,2026-08-09,8040,九暘,47938,-22137,0,,25801,2079072,2104873
2026,2,otc,2026-08-09,8043,蜜望實,-284897,-55114,525884,16860,202733,720383,923116
2026,2,otc,2026-08-09,8049,晶采,82744,-36138,-9263,6569,43912,228403,272315
2026,2,otc,2026-08-09,8050,廣積,-1382338,-26839,1511617,-22729,79711,991424,1071135
2026,2,otc,2026-08-09,8083,瑞穎,183683,-3859,-109494,,70330,71385,141715
2026,2,otc,2026-08-09,8086,宏捷科,744786,-2570355,-417363,,-2242932,3450343,1207411
2026,2,otc,2026-08-09,8089,康全電訊,-169423,-14029,-9981,-1364,-194797,924490,729693
2026,2,otc,2026-08-09,8109,博大,234158,-192118,-469757,13017,-414700,1633252,1218552
2026,2,otc,2026-08-09,8255,朋程,706621,-246104,-186275,6801,281043,1754812,2035855
2026,2,otc,2026-08-09,8279,生展,36467,-37007,-70195,69,-70666,275465,204799
2026,2,otc,2026-08-09,8358,金居,400626,-217473,286496,242,469891,744642,1214533
2026,2,otc,2026-08-09,8432,東生華,209918,-17216,-38557,0,154145,464539,618684
2026,2,otc,2026-08-09,8433,弘帆,162021,-200802,-291262,-7925,-337968,1281527,943559
2026,2,otc,2026-08-09,8446,華研,534457,-28507,-442883,197,63264,1115448,1178712
2026,2,otc,2026-08-09,8924,大田,222935,-139722,-135397,110785,58601,2367673,2426274
2026,2,otc,2026-08-09,8928,鉅明,495920,-78720,-407516,-3819,5865,196359,202224
2026,2,otc,2026-08-09,8930,青鋼,104762,-14872,-126577,17397,-19290,488712,469422
2026,2,otc,2026-08-09,8935,邦泰,23819,-8066,7336,10391,33480,199184,232664
2026,2,otc,2026-08-09,8938,明安,2119097,-208651,-1328745,-1959,579742,1377288,1957030
2026,2,otc,2026-08-09,9951,皇田,142882,-311405,-7400,69010,-106913,1532143,1425230
2026,2,otc,2026-08-09,9962,有益,196314,-8294,-178618,0,9402,137487,146889
2026,2,sii,2026-08-09,1215,卜蜂,1251944,-2007462,704715,-69,-50872,301893,251021
2026,2,sii,2026-08-09,1216,統一,30750026,-18689751,-3248629,-37538,8774108,103180043,111954151
2026,2,sii,2026-08-09,1232,大統益,696778,-189324,-24943,,482511,2689951,3172462
2026,2,sii,2026-08-09,1234,黑松,430475,-254287,-112215,11375,75348,1207454,1282802
2026,2,sii,2026-08-09,1321,大洋,148212,-69587,57118,6838,142581,438417,580998
2026,2,sii,2026-08-09,1323,永裕,71869,31169,-254957,51950,-99969,946860,846891
2026,2,sii,2026-08-09,1326,台化,-446000,-2745336,5074960,-641739,1241885,17194155,18436040
2026,2,sii,2026-08-09,1342,八貫,179323,-114572,-243997,,-179246,357751,178505
2026,2,sii,2026-08-09,1413,宏洲,124238,-5197,-120650,,-1609,53608,51999
2026,2,sii,2026-08-09,1417,嘉裕,14488,-1958,-90732,5076,-73126,805330,732204
2026,2,sii,2026-08-09,1423,利華,13130,115808,-448,,128490,100693,229183
2026,2,sii,2026-08-09,1434,福懋,941944,-463064,21810,133750,634440,3227056,3861496
2026,2,sii,2026-08-09,1436,華友聯,661249,-72112,-595650,,-6513,2037456,2030943
2026,2,sii,2026-08-09,1451,年興,-23489,352990,-225800,25146,128847,1050296,1179143
2026,2,sii,2026-08-09,1452,宏益,90023,25158,-905,,114276,414825,529101
2026,2,sii,2026-08-09,1455,集盛,22351,-90698,271160,950,203763,267108,470871
2026,2,sii,2026-08-09,1476,儒鴻,3150337,-91294,-311322,43840,2791561,3409474,6201035
2026,2,sii,2026-08-09,1477,聚陽,2239617,-282551,-2363302,36949,-369287,2624188,2254901
2026,2,sii,2026-08-09,1515,力山,-177293,-516963,399454,13763,-281039,2019518,1738479
2026,2,sii,2026-08-09,1524,耿鼎,315442,-229425,-99584,,-13567,317161,303594
2026,2,sii,2026-08-09,1525,江申,-104418,613302,28,59457,568369,1499455,2067824
2026,2,sii,2026-08-09,1535,中宇,92831,-130921,-12425,38661,-11854,1520376,1508522
2026,2,sii,2026-08-09,1563,巧新,746515,-1668208,1205873,952,285132,3212539,3497671
2026,2,sii,2026-08-09,1582,信錦,-375906,83202,158946,127305,-6453,4075036,4068583
2026,2,sii,2026-08-09,1597,直得,200673,79436,-44711,9368,244766,706758,951524
2026,2,sii,2026-08-09,1605,華新,-2034710,1153211,3529966,973110,3621577,14215311,17836888
2026,2,sii,2026-08-09,1608,華榮,-315661,-80914,528865,,132290,394203,526493
2026,2,sii,2026-08-09,1626,艾美特-KY,-116757,-145581,205476,127328,70466,765494,835960
2026,2,sii,2026-08-09,1712,興農,45825,53235,-341561,20749,-221752,1989350,1767598
2026,2,sii,2026-08-09,1714,和桐,1051380,-513368,-307832,140053,370233,6380349,6750582
2026,2,sii,2026-08-09,1717,長興,2369005,-698945,2012554,159500,3842114,6044025,9886139
2026,2,sii,2026-08-09,1722,台肥,297095,-1051541,1509945,1319,756818,1949825,2706643
2026,2,sii,2026-08-09,1723,中碳,524288,-365172,-470538,7297,-304125,1113759,809634
2026,2,sii,2026-08-09,1730,花仙子,134743,-564448,355416,8809,-65480,1007812,942332
2026,2,sii,2026-08-09,1731,美吾華,77286,-92740,-1114,1997,-14571,225062,210491
2026,2,sii,2026-08-09,1736,喬山,3238387,-614609,-2286936,-265878,70964,3302851,3373815
2026,2,sii,2026-08-09,1737,臺鹽,281404,-76461,14171,888,220002,1349371,1569373
2026,2,sii,2026-08-09,1752,南光,120790,-126689,23785,,17886,345669,363555
2026,2,sii,2026-08-09,1773,勝一,1172483,-1038681,-70144,-143,63515,310657,374172
2026,2,sii,2026-08-09,1786,科妍,116393,-28983,-255489,74,-168005,845808,677803
2026,2,sii,2026-08-09,1789,神隆,436678,-101029,37643,15217,388509,3110074,3498583
2026,2,sii,2026-08-09,1805,寶徠,-14582,0,37720,-64,23074,388030,411104
2026,2,sii,2026-08-09,1906,寶隆,53120,-60411,-730,,-8021,152096,144075
2026,2,sii,2026-08-09,2002,中鋼,10615408,-5900901,-5741158,898118,-128533,16818790,16690257
2026,2,sii,2026-08-09,2006,東和鋼鐵,3663449,-796855,-2926917,19964,-40359,1267035,1226676
2026,2,sii,2026-08-09,2009,第一銅,-142509,-109750,290695,,38436,101700,140136
2026,2,sii,2026-08-09,2010,春源,1656027,-4298,-1320850,102509,433388,609169,1042557
2026,2,sii,2026-08-09,2012,春雨,185975,30750,3738,29371,249834,724463,974297
2026,2,sii,2026-08-09,2013,中鋼構,-1226680,-184087,930177,,-480590,1258240,777650
2026,2,sii,2026-08-09,2014,中鴻,1536219,-95914,-967419,,472886,751883,1224769
2026,2,sii,2026-08-09,2015,豐興,1758990,-424239,-1741583,,-406832,2979289,2572457
2026,2,sii,2026-08-09,2030,彰源,-37204,-391169,811722,43779,427128,1223856,1650984
2026,2,sii,2026-08-09,2031,新光鋼,-360837,-658586,992619,67,-26737,1269648,1242911
2026,2,sii,2026-08-09,2032,新鋼,-51795,-20905,60887,,-11813,226691,214878
2026,2,sii,2026-08-09,2033,佳大,51368,-70136,11904,,-6864,63333,56469
2026,2,sii,2026-08-09,2059,川湖,5773574,-504487,-180158,215630,5304559,24079620,29384179
2026,2,sii,2026-08-09,2103,台橡,301119,-1336005,1025251,440475,430840,6686122,7116962
2026,2,sii,2026-08-09,2114,鑫永銓,229177,-97015,-38581,-14792,78789,546149,624938
2026,2,sii,2026-08-09,2227,裕日車,-785420,29274,-23335,79419,-700062,5530134,4830072
2026,2,sii,2026-08-09,2241,艾姆勒,-14612,-77040,52989,8116,-30547,197179,166632
2026,2,sii,2026-08-09,2301,光寶科,-4238093,-7933001,3923872,2462884,-5784338,80974352,75190014
2026,2,sii,2026-08-09,2303,聯電,55678697,-28774810,-14439252,1581778,14046413,110660052,124706465
2026,2,sii,2026-08-09,2308,台達電,63100603,-30282455,-2619624,979505,31178029,151172175,182350204
2026,2,sii,2026-08-09,2313,華通,834351,-4791300,3910512,488561,442124,11508955,11951079
2026,2,sii,2026-08-09,2329,華泰,644556,-1238090,900484,3560,310510,2718816,3029326
2026,2,sii,2026-08-09,2337,旺宏,10033607,-697400,-1943261,-11035,7381911,14912667,22294578
2026,2,sii,2026-08-09,2340,台亞,-220091,-73628,555982,,262263,2547511,2809774
2026,2,sii,2026-08-09,2344,華邦電,35672052,-8122911,18647881,-104519,46092503,15733774,61826277
2026,2,sii,2026-08-09,2345,智邦,-15452605,9807095,5389930,42104,-213476,27890576,27677100
2026,2,sii,2026-08-09,2347,聯強,-43661025,8386131,24731674,2311328,-8231892,24422175,16190283
2026,2,sii,2026-08-09,2352,佳世達,-2254983,-10495316,10704311,546302,-1499686,26577881,25078195
2026,2,sii,2026-08-09,2353,宏碁,-19557346,544630,18131375,118558,-762783,31870146,31107363
2026,2,sii,2026-08-09,2354,鴻準,2610356,2279152,-1185962,361349,4064895,15643766,19708661
2026,2,sii,2026-08-09,2360,致茂,5353931,-2118936,-87057,23777,3171715,6222160,9393875
2026,2,sii,2026-08-09,2362,藍天,-2800329,-716480,3585466,75733,144390,8434585,8578975
2026,2,sii,2026-08-09,2374,佳能,-18493,-328879,932524,71528,656680,1729929,2386609
2026,2,sii,2026-08-09,2383,台光電,5044825,-10851462,7632127,734456,2559946,20007816,22567762
2026,2,sii,2026-08-09,2385,群光,536576,1374337,4844113,1626609,8381635,21359642,29741277
2026,2,sii,2026-08-09,2387,精元,438250,-706921,62607,127847,-78217,4243529,4165312
2026,2,sii,2026-08-09,2395,研華,2666312,-1662077,365444,62220,1431899,11317279,12749178
2026,2,sii,2026-08-09,2397,友通,-580293,-238772,1060961,30934,272830,2403301,2676131
2026,2,sii,2026-08-09,2408,南亞科,87407707,-7056596,77868275,1309084,159528470,58074065,217602535
2026,2,sii,2026-08-09,2414,精技,-5862698,-198728,6024133,288,-37005,625491,588486
2026,2,sii,2026-08-09,2419,仲琦,125891,1859,-24635,-31244,71871,3506737,3578608
2026,2,sii,2026-08-09,2421,建準,675589,-784559,1327213,64349,1282592,5256400,6538992
2026,2,sii,2026-08-09,2430,燦坤,831892,-45982,-604352,-778,180780,977587,1158367
2026,2,sii,2026-08-09,2432,倚天酷碁-創,-42706,-411722,-8487,4885,-458030,1114824,656794
2026,2,sii,2026-08-09,2439,美律,151411,44898,-2889132,228277,-2464546,9797932,7333386
2026,2,sii,2026-08-09,2441,超豐,2793077,-1636821,-6297,10372,1160331,5900845,7061176
2026,2,sii,2026-08-09,2450,神腦,54116,-15329,-245517,-96,-206826,1885814,1678988
2026,2,sii,2026-08-09,2451,創見,16852695,-480451,-47632,8327,16332939,1822437,18155376
2026,2,sii,2026-08-09,2454,聯發科,6593980,-23680906,-31150056,1947560,-46289422,235290082,189000660
2026,2,sii,2026-08-09,2455,全新,634003,-449933,516434,4372,704876,944997,1649873
2026,2,sii,2026-08-09,2464,盟立,-493507,-535457,342287,23306,-663371,2231782,1568411
2026,2,sii,2026-08-09,2467,志聖,1778152,-3281473,2217115,65908,779702,1863940,2643642
2026,2,sii,2026-08-09,2471,資通,181919,7258,-10197,,178980,694238,873218
2026,2,sii,2026-08-09,2476,鉅祥,1080032,-288143,-756056,111437,147270,3337561,3484831
2026,2,sii,2026-08-09,2480,敦陽科,867116,-28953,-370386,13445,481222,1113186,1594408
2026,2,sii,2026-08-09,2483,百容,40708,-23729,55127,23097,95203,407554,502757
2026,2,sii,2026-08-09,2484,希華,62063,759683,-71729,-4516,745501,631148,1376649
2026,2,sii,2026-08-09,2486,一詮,-268251,-1513417,1719579,94548,32459,1170331,1202790
2026,2,sii,2026-08-09,2488,漢平,-110945,-209721,19573,28338,-272755,1158189,885434
2026,2,sii,2026-08-09,2492,華新科,2224753,1403636,-3327731,500849,801507,8160463,8961970
2026,2,sii,2026-08-09,2495,普安,-300047,-26871,290972,554,-35392,309951,274559
2026,2,sii,2026-08-09,2496,卓越,129398,1309,-88424,82,42365,207789,250154
2026,2,sii,2026-08-09,2498,宏達電,-1473348,-304280,1043253,20533,-713842,2909535,2195693
2026,2,sii,2026-08-09,2520,冠德,3340643,19380,-1321839,10,2038194,16829692,18867886
2026,2,sii,2026-08-09,2528,皇普,-171935,134513,-667645,,-705067,1190448,485381
2026,2,sii,2026-08-09,2535,達欣工,1374349,9822,-2355093,-641,-971563,7094256,6122693
2026,2,sii,2026-08-09,2536,宏普,2984473,5904,-775371,,2215006,2645411,4860417
2026,2,sii,2026-08-09,2546,根基,1111445,-5218,-129733,,976494,6189757,7166251
2026,2,sii,2026-08-09,2548,華固,-3393089,224536,541258,5756,-2621539,7668970,5047431
2026,2,sii,2026-08-09,2610,華航,22204454,-42548526,13138662,148563,-7056847,57551666,50494819
2026,2,sii,2026-08-09,2630,亞航,-209756,-57978,219611,217,-47906,226727,178821
2026,2,sii,2026-08-09,2633,台灣高鐵,13556825,1933758,-1419297,7248,14078534,4799873,18878407
2026,2,sii,2026-08-09,2727,王品,1737442,-1063992,-803028,58258,-71320,3225808,3154488
2026,2,sii,2026-08-09,2912,統一超,19841054,-8997181,-9141908,258713,1960678,50182134,52142812
2026,2,sii,2026-08-09,3004,豐達科,-113787,-569358,654558,34020,5433,225228,230661
2026,2,sii,2026-08-09,3006,晶豪科,10585892,-316325,-272399,3140,10000308,4526863,14527171
2026,2,sii,2026-08-09,3008,大立光,18285271,-4810874,-11684425,750462,2540434,115941697,118482131
2026,2,sii,2026-08-09,3013,晟銘電,328820,-375322,49157,34103,36758,1047670,1084428
2026,2,sii,2026-08-09,3014,聯陽,-305564,-74030,-3973,-164,-383731,2883331,2499600
2026,2,sii,2026-08-09,3015,全漢,-258559,-245454,-95669,57056,-542626,3452598,2909972
2026,2,sii,2026-08-09,3016,嘉晶,456484,-181035,166130,-178,441401,2285955,2727356
2026,2,sii,2026-08-09,3019,亞光,842808,-614831,-23590,430225,634612,12151793,12786405
2026,2,sii,2026-08-09,3023,信邦,-57653,-367590,106315,432408,113480,6688786,6802266
2026,2,sii,2026-08-09,3026,禾伸堂,829302,-461248,-487560,25855,-93651,4619044,4525393
2026,2,sii,2026-08-09,3028,增你強,-6597719,5853,8739938,155400,2303472,2513681,4817153
2026,2,sii,2026-08-09,3029,零壹,-263012,129572,123871,26757,17188,3091546,3108734
2026,2,sii,2026-08-09,3030,德律,1001121,-63048,-15371,26248,948950,1292581,2241531
2026,2,sii,2026-08-09,3034,聯詠,11826235,-236366,-43569,24634,11570934,42418895,53989829
2026,2,sii,2026-08-09,3035,智原,2157112,-397434,375761,71279,2206718,7280842,9487560
2026,2,sii,2026-08-09,3037,欣興,13323412,-5180001,29724815,1232527,39100753,54871781,93972534
2026,2,sii,2026-08-09,3047,訊舟,-70556,-28657,77683,-3361,-24891,1561317,1536426
2026,2,sii,2026-08-09,3054,立萬利,175292,-10407,-265,-1295,163325,146370,309695
2026,2,sii,2026-08-09,3059,華晶科,3483,256045,-278664,93766,74630,4745485,4820115
2026,2,sii,2026-08-09,3060,銘異,-41583,-64724,-26735,21765,-111277,657254,545977
2026,2,sii,2026-08-09,3090,日電貿,-543360,-123331,527424,6017,-133250,1568455,1435205
2026,2,sii,2026-08-09,3094,聯傑,22347,-543,-838,1525,22491,679643,702134
2026,2,sii,2026-08-09,3150,鈺寶-創,-22221,-11675,-3689,,-37585,100225,62640
2026,2,sii,2026-08-09,3168,眾福科,-27964,-21005,-7194,12752,-43411,1024524,981113
2026,2,sii,2026-08-09,3189,景碩,3943497,-5680407,465380,45800,-1225730,12281237,11055507
2026,2,sii,2026-08-09,3231,緯創,-251356473,-32339002,262321270,64231,-21309974,144473847,123163873
2026,2,sii,2026-08-09,3311,閎暉,-80862,-89749,78700,10326,-81585,698646,617061
2026,2,sii,2026-08-09,3321,同泰,8313,-43026,-82768,29963,-87518,214860,127342
2026,2,sii,2026-08-09,3338,泰碩,-75239,-24945,-17432,32321,-85295,735273,649978
2026,2,sii,2026-08-09,3380,明泰,-869662,53241,1182526,37095,403200,4917583,5320783
2026,2,sii,2026-08-09,3416,融程電,13505,47211,-9596,-2105,49015,661775,710790
2026,2,sii,2026-08-09,3443,創意,5223546,858965,-2730160,32099,3384450,6649696,10034146
2026,2,sii,2026-08-09,3447,展達,298887,5644,-82490,18674,240715,701848,942563
2026,2,sii,2026-08-09,3504,揚明光,126954,-108261,-26798,35734,27629,1229209,1256838
2026,2,sii,2026-08-09,3515,華擎,-3717285,-825138,1394818,61177,-3086428,6104360,3017932
2026,2,sii,2026-08-09,3530,晶相光,-59692,-14633,-3680,-2741,-80746,1186529,1105783
2026,2,sii,2026-08-09,3532,台勝科,968188,-715824,-13316,3308,242356,1735296,1977652
2026,2,sii,2026-08-09,3535,晶彩科,64090,-55124,-7557,1910,3319,151561,154880
2026,2,sii,2026-08-09,3563,牧德,453464,-96784,-1551,12951,368080,1051357,1419437
2026,2,sii,2026-08-09,3591,艾笛森,-23531,-400215,375507,29175,-19064,1018734,999670
2026,2,sii,2026-08-09,3592,瑞鼎,136695,-379560,46076,6248,-190541,3096560,2906019
2026,2,sii,2026-08-09,3596,智易,-3287238,5665581,-95725,-20596,2262022,4692290,6954312
2026,2,sii,2026-08-09,3605,宏致,555623,-449501,-76445,151005,180682,2483422,2664104
2026,2,sii,2026-08-09,3652,精聯,-50788,91080,-16818,288,23762,469354,493116
2026,2,sii,2026-08-09,3669,圓展,130497,-143533,-11720,-21965,-46721,1306885,1260164
2026,2,sii,2026-08-09,3679,新至陞,321475,-307874,-103972,160444,70073,4262228,4332301
2026,2,sii,2026-08-09,3703,欣陸,2486374,-1538237,-1394563,5705,-440721,11574752,11134031
2026,2,sii,2026-08-09,3704,合勤控,-2203648,43572,1696393,64536,-399147,3178855,2779708
2026,2,sii,2026-08-09,3708,上緯投控,-213152,355061,-1576757,62440,-1372408,5831582,4459174
2026,2,sii,2026-08-09,4106,雃博,153767,15227,-40936,-9570,118488,784615,903103
2026,2,sii,2026-08-09,4108,懷特,-20395,23233,-5385,,-2547,86795,84248
2026,2,sii,2026-08-09,4119,旭富,193642,-244471,73257,,22428,60625,83053
2026,2,sii,2026-08-09,4164,承業醫,-308154,-323090,207262,4912,-419070,1786493,1367423
2026,2,sii,2026-08-09,4441,振大環球,375749,-1910733,392002,8665,-1134317,1987619,853302
2026,2,sii,2026-08-09,4545,銘鈺,-74813,-57279,67136,13744,-51212,648799,597587
2026,2,sii,2026-08-09,4555,氣立,95463,-102662,-90835,9256,-88778,690643,601865
2026,2,sii,2026-08-09,4572,駐龍,80074,-272307,-8220,,-200453,478622,278169
2026,2,sii,2026-08-09,4583,台灣精銳,752756,766645,-829463,,689938,1351775,2041713
2026,2,sii,2026-08-09,4588,玖鼎電力,-157351,24668,189381,,56698,356922,413620
2026,2,sii,2026-08-09,4722,國精化,-769490,-435995,1549064,27797,371376,271438,642814
2026,2,sii,2026-08-09,4915,致伸,-785442,-1229309,504049,552599,-958103,12289381,11331278
2026,2,sii,2026-08-09,4916,事欣科,-209605,57213,-258090,7003,-403479,1118038,714559
2026,2,sii,2026-08-09,4919,新唐,-449455,-427704,1140358,-2009,261190,7202511,7463701
2026,2,sii,2026-08-09,4952,凌通,91926,-164785,80278,-1445,5974,872252,878226
2026,2,sii,2026-08-09,4960,誠美材,230917,-1555251,147438,87075,-1089821,2722541,1632720
2026,2,sii,2026-08-09,4961,天鈺,2112663,-2382154,-402895,143775,-528611,2325895,1797284
2026,2,sii,2026-08-09,4967,十銓,-4583853,-294363,5147601,1530,270915,708402,979317
2026,2,sii,2026-08-09,4968,立積,17500,331605,-16439,1309,333975,704595,1038570
2026,2,sii,2026-08-09,4994,傳奇,41922,-357,-17854,-7,23704,1052033,1075737
2026,2,sii,2026-08-09,4999,鑫禾,55914,239037,-35321,22772,282402,287705,570107
2026,2,sii,2026-08-09,5203,訊連,252977,-50360,-116872,-897,84848,590113,674961
2026,2,sii,2026-08-09,5222,全訊,164790,98063,-160870,,101983,314837,416820
2026,2,sii,2026-08-09,5225,東科-KY,-243630,-90189,-616601,52194,-898226,1796680,898454
2026,2,sii,2026-08-09,5236,凌陽創新,-294484,290029,-2815,477,-6793,2049608,2042815
2026,2,sii,2026-08-09,5288,豐祥-KY,128215,73859,166826,25801,394701,1271467,1666168
2026,2,sii,2026-08-09,5434,崇越,887401,-705913,-16641,114117,278964,6828704,7107668
2026,2,sii,2026-08-09,5706,鳳凰,188580,-55302,-89932,1475,44821,191196,236017
2026,2,sii,2026-08-09,6112,邁達特,-2279317,-61237,1885996,19911,-434647,1724124,1289477
2026,2,sii,2026-08-09,6120,達運,-207601,784799,-153549,191261,614910,4859611,5474521
2026,2,sii,2026-08-09,6152,百一,-250305,-79109,292995,15507,-20912,801209,780297
2026,2,sii,2026-08-09,6153,嘉聯益,-474719,284700,473681,-13654,270008,2930162,3200170
2026,2,sii,2026-08-09,6176,瑞儀,299546,-3355897,1905515,682543,-468293,34687934,34219641
2026,2,sii,2026-08-09,6183,關貿,516808,-464838,-17085,2076,36961,767475,804436
2026,2,sii,2026-08-09,6191,精成科,-115267,-1986833,-428879,282030,-2248949,12909303,10660354
2026,2,sii,2026-08-09,6197,佳必琪,588921,-202692,-69125,40103,357207,2071557,2428764
2026,2,sii,2026-08-09,6201,亞弘電,34896,108909,-15497,23268,151576,576994,728570
2026,2,sii,2026-08-09,6202,盛群,218796,-929010,-255585,19125,-946674,1495204,548530
2026,2,sii,2026-08-09,6205,詮欣,158787,-35906,-9709,2331,115503,640635,756138
2026,2,sii,2026-08-09,6206,飛捷,-97618,306432,-6802,7314,209326,2218400,2427726
2026,2,sii,2026-08-09,6213,聯茂,-999018,-2030473,184134,679117,-2166240,4989377,2823137
2026,2,sii,2026-08-09,6216,居易,-45306,50712,6404,,11810,344437,356247
2026,2,sii,2026-08-09,6239,力成,10074675,-9479293,441403,213176,1249961,16375118,17625079
2026,2,sii,2026-08-09,6257,矽格,4015889,-4900825,257825,-7257,-634368,12718818,12084450
2026,2,sii,2026-08-09,6271,同欣電,898165,-644525,159887,22504,436031,4276602,4712633
2026,2,sii,2026-08-09,6281,全國電,652157,342175,-728281,,266051,877370,1143421
2026,2,sii,2026-08-09,6283,淳安,48775,-2303,88229,40787,175488,723417,898905
2026,2,sii,2026-08-09,6285,啟碁,-10466046,-2176776,11110610,367695,-1164517,14276301,13111784
2026,2,sii,2026-08-09,6412,群電,-193150,263014,-502222,408268,-24090,4800791,4776701
2026,2,sii,2026-08-09,6456,GIS-KY,101832,4349161,-2773353,450743,2128383,9460900,11589283
2026,2,sii,2026-08-09,6505,台塑化,5435396,-3891770,536480,76782,2156888,47523942,49680830
2026,2,sii,2026-08-09,6531,愛普*,1296229,1084217,-53271,118112,2445287,7263192,9708479
2026,2,sii,2026-08-09,6534,正瀚-創,779536,-94942,-438674,684,246604,394128,640732
2026,2,sii,2026-08-09,6552,易華電,-33952,15404,-332675,,-351223,617499,266276
2026,2,sii,2026-08-09,6579,研揚,-715660,277615,368415,21092,-48538,2429992,2381454
2026,2,sii,2026-08-09,6581,鋼聯,600126,-424513,-460810,,-285197,676454,391257
2026,2,sii,2026-08-09,6582,申豐,-6289,-93401,122573,169,23052,28471,51523
2026,2,sii,2026-08-09,6585,鼎基,289714,-58697,-40153,2576,193440,576256,769696
2026,2,sii,2026-08-09,6645,金萬林-創,-76179,-29488,67875,55,-37737,123743,86006
2026,2,sii,2026-08-09,6668,中揚光,-113568,68645,-30198,25159,-49962,369675,319713
2026,2,sii,2026-08-09,6669,緯穎,-61567715,-12075015,69918240,-879152,-4603642,89933848,85330206
2026,2,sii,2026-08-09,6698,旭暉應材,73593,-112121,20022,8491,-10015,545742,535727
2026,2,sii,2026-08-09,6719,力智,148077,-632167,-3835,11536,-476389,1434870,958481
2026,2,sii,2026-08-09,6776,展碁國際,95237,-142126,297804,43318,294233,773996,1068229
2026,2,sii,2026-08-09,6782,視陽,590826,-930523,170378,3568,-165751,708369,542618
2026,2,sii,2026-08-09,6789,采鈺,1716094,-643287,-709351,,363456,11534487,11897943
2026,2,sii,2026-08-09,6799,來頡,57980,32177,-31688,-585,57884,316795,374679
2026,2,sii,2026-08-09,6834,天二科技,-12949,15235,58120,508,60914,327074,387988
2026,2,sii,2026-08-09,6908,宏碁遊戲-創,110339,-33878,-292402,17569,-198372,1117127,918755
2026,2,sii,2026-08-09,6937,天虹,120964,-49168,432544,-866,503474,617505,1120979
2026,2,sii,2026-08-09,6947,台鎔科技,469599,-58752,-78367,,332480,336945,669425
2026,2,sii,2026-08-09,6949,沛爾生醫-創,-241764,486561,1300651,322,1545770,306699,1852469
2026,2,sii,2026-08-09,6951,青新-創,113182,-254487,759,,-140546,291461,150915
2026,2,sii,2026-08-09,7711,永擎,-3642362,-308533,1316722,1,-2634172,4119409,1485237
2026,2,sii,2026-08-09,7750,新代,758860,-325104,-1161847,242636,-485455,7707263,7221808
2026,2,sii,2026-08-09,7765,中華資安,134552,-106264,-13923,,14365,1198460,1212825
2026,2,sii,2026-08-09,7799,禾榮科,-431894,-1383824,2911,533,-1812274,2348611,536337
2026,2,sii,2026-08-09,8039,台虹,853040,-133037,269192,73810,1063005,2878143,3941148
2026,2,sii,2026-08-09,8046,南電,2996931,-1470365,-110235,377532,1793863,8589500,10383363
2026,2,sii,2026-08-09,8070,長華*,359528,58177,-996996,252257,-327034,7386449,7059415
2026,2,sii,2026-08-09,8103,瀚荃,199484,-809848,422332,105950,-82082,2471875,2389793
2026,2,sii,2026-08-09,8114,振樺電,-1896207,-305606,687854,32349,-1481610,5752224,4270614
2026,2,sii,2026-08-09,8131,福懋科,295404,-1352440,-20884,,-1077920,4056111,2978191
2026,2,sii,2026-08-09,8162,微矽電子-創,181510,-167506,-21433,,-7429,294127,286698
2026,2,sii,2026-08-09,8163,達方,88440,-879514,773095,61990,44011,6261578,6305589
2026,2,sii,2026-08-09,8210,勤誠,2704497,-1552458,1898039,74038,3124116,5688287,8812403
2026,2,sii,2026-08-09,8215,明基材,211581,-381720,39062,50513,-80564,729256,648692
2026,2,sii,2026-08-09,8261,富鼎,305378,-723530,-2174,7736,-412590,1318850,906260
2026,2,sii,2026-08-09,8271,宇瞻,-968676,110468,2428804,10578,1581174,852913,2434087
2026,2,sii,2026-08-09,8341,日友,680681,-328947,-290676,5745,66803,655554,722357
2026,2,sii,2026-08-09,8367,建新國際,357898,-963770,381682,,-224190,577395,353205
2026,2,sii,2026-08-09,8374,羅昇,126590,-16916,148758,20310,278742,1140155,1418897
2026,2,sii,2026-08-09,8438,昶昕,140034,-48959,-26656,23494,87913,554451,642364
2026,2,sii,2026-08-09,8454,富邦媒,3425896,-519055,-381169,1703,2527375,2241322,4768697
2026,2,sii,2026-08-09,8481,政伸,65198,-25928,-3430,18748,54588,427942,482530
2026,2,sii,2026-08-09,8940,新天地,108914,-55261,-39832,,13821,264348,278169
2026,2,sii,2026-08-09,9902,台火,18816,-30174,-3050,,-14408,233786,219378
2026,2,sii,2026-08-09,9907,統一實,1839139,-678620,-183533,337436,1314422,4034885,5349307
2026,2,sii,2026-08-09,9911,櫻花,585912,-158559,-1167940,899,-739688,2157010,1417322
2026,2,sii,2026-08-09,9924,福興,575673,-462740,-259116,35327,-110856,1705253,1594397
2026,2,sii,2026-08-09,9927,泰銘,-262485,116860,199277,5237,58889,1332020,1390909
2026,2,sii,2026-08-09,9930,中聯資源,1200580,-211988,-772603,4685,220674,352883,573557
2026,2,sii,2026-08-09,9937,全國,1254531,-51699,-210628,0,992204,380152,1372356
2026,2,sii,2026-08-09,9941,裕融,1978795,-2706508,729447,68524,70258,6995156,7065414
