Year,Quarter,MType,資料日期,公司代號,公司名稱,流動資產,非流動資產,資產總計,流動負債,非流動負債,負債總計,股本,權益─具證券性質之虛擬通貨,資本公積,保留盈餘,其他權益,庫藏股票,歸屬於母公司業主之權益合計,共同控制下前手權益,合併前非屬共同控制股權,非控制權益,權益總計,待註銷股本股數（單位：股）,預收股款（權益項下）之約當發行股數（單位：股）,母公司暨子公司所持有之母公司庫藏股股數（單位：股）,每股參考淨值,現金及約當現金,存放央行及拆借銀行同業,透過損益按公允價值衡量之金融資產,透過其他綜合損益按公允價值衡量之金融資產,按攤銷後成本衡量之債務工具投資,避險之衍生金融資產淨額,附賣回票券及債券投資淨額,應收款項－淨額,當期所得稅資產,待出售資產－淨額,待分配予業主之資產－淨額,貼現及放款－淨額,採用權益法之投資－淨額,受限制資產－淨額,其他金融資產－淨額,不動產及設備－淨額,使用權資產－淨額,投資性不動產投資－淨額,無形資產－淨額,遞延所得稅資產,其他資產－淨額,資產總額,央行及銀行同業存款,央行及同業融資,透過損益按公允價值衡量之金融負債,避險之衍生金融負債－淨額,附買回票券及債券負債,應付款項,當期所得稅負債,與待出售資產直接相關之負債,存款及匯款,應付金融債券,應付公司債,特別股負債,其他金融負債,負債準備,租賃負債,遞延所得稅負債,其他負債,負債總額,權益總額,權益－具證券性質之虛擬通貨,保留盈餘（或累積虧損）,歸屬於母公司業主權益合計,母公司暨子公司持有之母公司庫藏股股數（單位：股）
2025,4,otc,2026-03-02,1777,生泰,1531253,1428599,2959852,304490,65080,369570,445917,,983776,1163971,-3382,,,,,,2590282,0,0,0,58.09,,,,,,,,,,,,,,,,,,,,,,,,,,,,,,,,,,,,,,,,,,,,,
2025,4,otc,2026-03-02,2035,唐榮公司,3367260,14084626,17451886,3036994,12138989,15175983,3500000,,46,-1328208,104065,,,,,,2275903,,0,0,6.5,,,,,,,,,,,,,,,,,,,,,,,,,,,,,,,,,,,,,,,,,,,,,
2025,4,otc,2026-03-02,2926,誠品生活,4656636,11316932,15973568,5392379,9961762,15354141,473897,,79121,25790,34111,,612919,,,6508,619427,0,0,0,12.93,,,,,,,,,,,,,,,,,,,,,,,,,,,,,,,,,,,,,,,,,,,,,
2025,4,otc,2026-03-02,3081,聯亞,2911349,2096821,5008170,531794,285637,817431,925214,,1799985,1488411,-22871,,,,,,4190739,,0,0,45.29,,,,,,,,,,,,,,,,,,,,,,,,,,,,,,,,,,,,,,,,,,,,,
2025,4,otc,2026-03-02,3088,艾訊,4657090,2773283,7430373,1741973,465145,2207118,1084972,,1155336,2868906,61795,,5171009,,,52246,5223255,,90000,0,47.8,,,,,,,,,,,,,,,,,,,,,,,,,,,,,,,,,,,,,,,,,,,,,
2025,4,otc,2026-03-02,3118,進階,499945,366859,866804,274684,11944,286628,324529,0,56048,199599,0,,,0,0,,580176,0,0,0,17.88,,,,,,,,,,,,,,,,,,,,,,,,,,,,,,,,,,,,,,,,,,,,,
2025,4,otc,2026-03-02,3122,笙泉,414187,200706,614893,250484,1827,252311,407648,,26499,-71101,-464,,362582,,,,362582,,0,0,8.89,,,,,,,,,,,,,,,,,,,,,,,,,,,,,,,,,,,,,,,,,,,,,
2025,4,otc,2026-03-02,3141,晶宏,1876478,1988973,3865451,1141486,142395,1283881,754607,,428650,1329101,46387,-62495,2496250,,,85320,2581570,,0,1074000,33.56,,,,,,,,,,,,,,,,,,,,,,,,,,,,,,,,,,,,,,,,,,,,,
2025,4,otc,2026-03-02,3152,璟德,2595896,1873071,4468967,421702,15741,437443,690162,,573532,2767830,0,,,,,,4031524,,0,0,58.41,,,,,,,,,,,,,,,,,,,,,,,,,,,,,,,,,,,,,,,,,,,,,
2025,4,otc,2026-03-02,3163,波若威,3331269,629684,3960953,734964,152820,887784,805407,,601382,1716533,-50153,,3073169,,,,3073169,0,0,0,38.16,,,,,,,,,,,,,,,,,,,,,,,,,,,,,,,,,,,,,,,,,,,,,
2025,4,otc,2026-03-02,3169,亞信,1860095,147588,2007683,171512,9941,181453,631070,,476518,732595,-13953,,1826230,,,,1826230,,0,0,28.94,,,,,,,,,,,,,,,,,,,,,,,,,,,,,,,,,,,,,,,,,,,,,
2025,4,otc,2026-03-02,3259,鑫創,504899,112453,617352,132743,60739,193482,729659,,0,-305789,0,,,,,,423870,,0,0,5.81,,,,,,,,,,,,,,,,,,,,,,,,,,,,,,,,,,,,,,,,,,,,,
2025,4,otc,2026-03-02,3303,岱稜,2444320,1583247,4027567,887629,696501,1584130,940906,,413146,1091061,5975,-27093,2423995,,,19442,2443437,,0,554000,25.91,,,,,,,,,,,,,,,,,,,,,,,,,,,,,,,,,,,,,,,,,,,,,
2025,4,otc,2026-03-02,3306,鼎天,959890,2688298,3648188,330260,2642,332902,506077,,481430,317412,2010367,,3315286,,,,3315286,,0,0,65.51,,,,,,,,,,,,,,,,,,,,,,,,,,,,,,,,,,,,,,,,,,,,,
2025,4,otc,2026-03-02,3374,精材,6391546,8818171,15209717,2553241,2898864,5452105,2713643,,396424,6647545,,,,,,,9757612,,0,0,35.96,,,,,,,,,,,,,,,,,,,,,,,,,,,,,,,,,,,,,,,,,,,,,
2025,4,otc,2026-03-02,3511,矽瑪,1194494,1335835,2530329,703590,15656,719246,799729,,551718,-55380,3659,,1299726,,,511357,1811083,,0,0,16.25,,,,,,,,,,,,,,,,,,,,,,,,,,,,,,,,,,,,,,,,,,,,,
2025,4,otc,2026-03-02,3555,博士旺,523196,124184,647380,79606,7458,87064,399988,,215159,-61561,-664,,552922,,,7394,560316,0,0,0,13.82,,,,,,,,,,,,,,,,,,,,,,,,,,,,,,,,,,,,,,,,,,,,,
2025,4,otc,2026-03-02,3684,榮昌,862321,482178,1344499,318055,306544,624599,300016,,105611,317830,-3557,,719900,,,,719900,0,0,0,24.0,,,,,,,,,,,,,,,,,,,,,,,,,,,,,,,,,,,,,,,,,,,,,
2025,4,otc,2026-03-02,4116,明基醫,3692605,1758006,5450611,2277276,842582,3119858,445660,,298107,386453,-3545,,1126675,,,1204078,2330753,,0,0,25.28,,,,,,,,,,,,,,,,,,,,,,,,,,,,,,,,,,,,,,,,,,,,,
2025,4,otc,2026-03-02,4121,優盛,2245221,1962901,4208122,1172169,1052107,2224276,827480,,307581,313564,-38491,0,1410134,,,573712,1983846,,0,0,17.04,,,,,,,,,,,,,,,,,,,,,,,,,,,,,,,,,,,,,,,,,,,,,
2025,4,otc,2026-03-02,4130,健亞,719298,787071,1506369,125322,727,126049,1148875,,210710,131770,-85317,-25718,1380320,,,,1380320,0,0,1137000,12.13,,,,,,,,,,,,,,,,,,,,,,,,,,,,,,,,,,,,,,,,,,,,,
2025,4,otc,2026-03-02,4188,安克,409996,212707,622703,18129,3753,21882,633329,,142166,-253082,-989,,521424,,,79397,600821,,0,0,8.23,,,,,,,,,,,,,,,,,,,,,,,,,,,,,,,,,,,,,,,,,,,,,
2025,4,otc,2026-03-02,4538,大詠城,468080,472273,940353,61059,6016,67075,594696,,105673,172909,,,,,,,873278,0,0,0,14.68,,,,,,,,,,,,,,,,,,,,,,,,,,,,,,,,,,,,,,,,,,,,,
2025,4,otc,2026-03-02,4760,勤凱科技,1326911,429140,1756051,698933,1407,700340,322183,,216768,520453,-3693,0,,,,,1055711,,0,0,32.77,,,,,,,,,,,,,,,,,,,,,,,,,,,,,,,,,,,,,,,,,,,,,
2025,4,otc,2026-03-02,4903,聯光通,925167,828657,1753824,576584,16559,593143,1053437,,0,91563,15681,,1160681,,,,1160681,,0,0,11.02,,,,,,,,,,,,,,,,,,,,,,,,,,,,,,,,,,,,,,,,,,,,,
2025,4,otc,2026-03-02,4939,亞電,1591775,1071757,2663532,944308,367283,1311591,982009,,192899,217722,-40689,,1351941,,,,1351941,,0,0,13.77,,,,,,,,,,,,,,,,,,,,,,,,,,,,,,,,,,,,,,,,,,,,,
2025,4,otc,2026-03-02,4951,精拓科,614637,500396,1115033,112338,13722,126060,341487,,123645,532440,-8599,,988973,,,0,988973,0,0,0,28.96,,,,,,,,,,,,,,,,,,,,,,,,,,,,,,,,,,,,,,,,,,,,,
2025,4,otc,2026-03-02,4972,湯石照明,1103728,713065,1816793,330405,48226,378631,568886,,824131,105092,-48939,-11008,1438162,,,,1438162,,,500000,25.5,,,,,,,,,,,,,,,,,,,,,,,,,,,,,,,,,,,,,,,,,,,,,
2025,4,otc,2026-03-02,4974,亞泰,3963708,159277,4122985,766872,64446,831318,725001,,707351,1897583,-38268,,3291667,,,,3291667,,0,0,45.4,,,,,,,,,,,,,,,,,,,,,,,,,,,,,,,,,,,,,,,,,,,,,
2025,4,otc,2026-03-02,4995,晶達,729066,992070,1721136,412912,362416,775328,424400,,197620,322102,1686,,945808,,,,945808,,16000,0,22.29,,,,,,,,,,,,,,,,,,,,,,,,,,,,,,,,,,,,,,,,,,,,,
2025,4,otc,2026-03-02,5236,凌陽創新,3043687,77964,3121651,431113,29549,460662,600040,,1252276,869816,-61143,,,,,,2660989,,0,0,44.35,,,,,,,,,,,,,,,,,,,,,,,,,,,,,,,,,,,,,,,,,,,,,
2025,4,otc,2026-03-02,5289,宜鼎,10876654,3671909,14548563,4867538,567460,5434998,960407,,2196806,6072171,-288597,,8940787,,,172778,9113565,0,0,0,93.09,,,,,,,,,,,,,,,,,,,,,,,,,,,,,,,,,,,,,,,,,,,,,
2025,4,otc,2026-03-02,5299,杰力,2025530,1763150,3788680,522968,2006,524974,508890,,1668074,1086504,238,,3263706,,,,3263706,,0,0,64.13,,,,,,,,,,,,,,,,,,,,,,,,,,,,,,,,,,,,,,,,,,,,,
2025,4,otc,2026-03-02,5340,建榮,1490145,1410935,2901080,598722,8325,607047,1948940,,,345093,,,,,,,2294033,0,0,0,11.77,,,,,,,,,,,,,,,,,,,,,,,,,,,,,,,,,,,,,,,,,,,,,
2025,4,otc,2026-03-02,5344,立衛,296127,339319,635446,96489,36998,133487,794474,,,-237515,-55000,,,,,,501959,,0,0,6.32,,,,,,,,,,,,,,,,,,,,,,,,,,,,,,,,,,,,,,,,,,,,,
2025,4,otc,2026-03-02,5347,世界,66897206,133571572,200468778,51604245,65275006,116879251,18670782,,19015223,27103595,-912834,,63876766,,,19712761,83589527,,0,0,34.21,,,,,,,,,,,,,,,,,,,,,,,,,,,,,,,,,,,,,,,,,,,,,
2025,4,otc,2026-03-02,5371,中光電,38192781,20766044,58958825,31279181,1280546,32559727,3909811,,2017890,17417342,1178652,0,24523695,,,1875403,26399098,0,0,0,62.72,,,,,,,,,,,,,,,,,,,,,,,,,,,,,,,,,,,,,,,,,,,,,
2025,4,otc,2026-03-02,5443,均豪,4609198,12169618,16778816,4494686,2390492,6885178,1647466,,267981,790131,6554738,-462609,8797707,,,1095931,9893638,0,0,3668000,54.62,,,,,,,,,,,,,,,,,,,,,,,,,,,,,,,,,,,,,,,,,,,,,
2025,4,otc,2026-03-02,5481,新華,491378,1127472,1618850,108961,322443,431404,714029,,80168,459337,-175,-65913,1187446,,,0,1187446,,0,5000000,17.88,,,,,,,,,,,,,,,,,,,,,,,,,,,,,,,,,,,,,,,,,,,,,
2025,4,otc,2026-03-02,5902,德記,1178347,544970,1723317,424463,6922,431385,945000,,0,366734,-19802,,1291932,,,,1291932,,0,0,13.67,,,,,,,,,,,,,,,,,,,,,,,,,,,,,,,,,,,,,,,,,,,,,
2025,4,otc,2026-03-02,5904,寶雅,12133668,19524845,31658513,9711161,13839034,23550195,1064438,,1475884,5567996,,,,,,,8108318,0,0,0,76.17,,,,,,,,,,,,,,,,,,,,,,,,,,,,,,,,,,,,,,,,,,,,,
2025,4,otc,2026-03-02,6138,茂達,5305293,1482077,6787370,1636437,191318,1827755,752760,,972420,2416175,-147570,-54326,3939459,,,1020156,4959615,0,0,1265088,53.23,,,,,,,,,,,,,,,,,,,,,,,,,,,,,,,,,,,,,,,,,,,,,
2025,4,otc,2026-03-02,6146,耕興,5763001,2254099,8017100,1486274,270445,1756719,1018672,,895271,3804415,46128,,5764486,,,495895,6260381,,0,0,56.59,,,,,,,,,,,,,,,,,,,,,,,,,,,,,,,,,,,,,,,,,,,,,
2025,4,otc,2026-03-02,6147,頎邦,14591472,39638801,54230273,4349850,2511993,6861843,7445935,,3977570,36943842,-998917,,47368430,,,,47368430,,0,0,63.62,,,,,,,,,,,,,,,,,,,,,,,,,,,,,,,,,,,,,,,,,,,,,
2025,4,otc,2026-03-02,6161,捷波,1071634,574316,1645950,299338,43747,343085,562375,,127452,620517,-7479,0,1302865,,,0,1302865,0,0,0,23.17,,,,,,,,,,,,,,,,,,,,,,,,,,,,,,,,,,,,,,,,,,,,,
2025,4,otc,2026-03-02,6180,橘子,3365496,5227810,8593306,3887975,75525,3963500,1754936,,1340269,1655326,-474604,,4275927,,,353879,4629806,0,0,0,24.37,,,,,,,,,,,,,,,,,,,,,,,,,,,,,,,,,,,,,,,,,,,,,
2025,4,otc,2026-03-02,6185,幃翔,1736893,730469,2467362,148870,154179,303049,1498675,,64651,633451,-32464,,2164313,,,,2164313,,0,0,14.44,,,,,,,,,,,,,,,,,,,,,,,,,,,,,,,,,,,,,,,,,,,,,
2025,4,otc,2026-03-02,6187,萬潤,6335154,3274278,9609432,1640435,480787,2121222,971269,,3017139,2940566,437938,-67901,7299011,,,189199,7488210,0,0,898000,75.85,,,,,,,,,,,,,,,,,,,,,,,,,,,,,,,,,,,,,,,,,,,,,
2025,4,otc,2026-03-02,6188,廣明,13214465,6890500,20104965,4781682,296019,5077701,2783589,,5173625,4607635,172409,,12737258,,,2290006,15027264,,0,0,45.76,,,,,,,,,,,,,,,,,,,,,,,,,,,,,,,,,,,,,,,,,,,,,
2025,4,otc,2026-03-02,6263,普萊德,2026658,182750,2209408,378148,70448,448596,625010,,11694,1124108,0,,1760812,,,,1760812,,0,0,28.17,,,,,,,,,,,,,,,,,,,,,,,,,,,,,,,,,,,,,,,,,,,,,
2025,4,otc,2026-03-02,6292,迅德,1112289,426837,1539126,291982,136284,428266,466007,,48889,647448,-51484,0,1110860,0,,0,1110860,,0,0,23.84,,,,,,,,,,,,,,,,,,,,,,,,,,,,,,,,,,,,,,,,,,,,,
2025,4,otc,2026-03-02,6417,韋僑,1413974,1448666,2862640,562540,578554,1141094,422740,,347958,952492,-1644,,1721546,,,,1721546,,0,0,40.72,,,,,,,,,,,,,,,,,,,,,,,,,,,,,,,,,,,,,,,,,,,,,
2025,4,otc,2026-03-02,6435,大中,1801892,956097,2757989,679269,25057,704326,374613,,169546,1367080,142424,,,,,,2053663,0,0,0,54.82,,,,,,,,,,,,,,,,,,,,,,,,,,,,,,,,,,,,,,,,,,,,,
2025,4,otc,2026-03-02,6469,大樹,7490203,6269262,13759465,4596051,5162994,9759045,1499652,,1403431,975709,39389,,3918181,0,,82239,4000420,0,266000,0,26.13,,,,,,,,,,,,,,,,,,,,,,,,,,,,,,,,,,,,,,,,,,,,,
2025,4,otc,2026-03-02,6486,互動,2574607,987272,3561879,1488779,42910,1531689,508933,,928160,579634,-372,,2016355,0,,13835,2030190,,0,0,39.62,,,,,,,,,,,,,,,,,,,,,,,,,,,,,,,,,,,,,,,,,,,,,
2025,4,otc,2026-03-02,6494,九齊,894711,253487,1148198,112670,40815,153485,315597,,196884,480211,2021,,994713,,,,994713,,0,0,31.52,,,,,,,,,,,,,,,,,,,,,,,,,,,,,,,,,,,,,,,,,,,,,
2025,4,otc,2026-03-02,6496,科懋,726242,757771,1484013,371604,308177,679781,473960,,259163,81775,13070,-23736,804232,,,,804232,0,0,818000,17.27,,,,,,,,,,,,,,,,,,,,,,,,,,,,,,,,,,,,,,,,,,,,,
2025,4,otc,2026-03-02,6510,精測,5929648,4020936,9950584,1157583,12573,1170156,327890,,3928298,4506544,7700,,8770432,,,9996,8780428,,0,0,267.48,,,,,,,,,,,,,,,,,,,,,,,,,,,,,,,,,,,,,,,,,,,,,
2025,4,otc,2026-03-02,6516,勤崴國際,973782,300159,1273941,190951,70835,261786,563369,,348646,149756,-10270,-39346,,,,,1012155,,0,500000,18.13,,,,,,,,,,,,,,,,,,,,,,,,,,,,,,,,,,,,,,,,,,,,,
2025,4,otc,2026-03-02,6527,明達醫,640924,654356,1295280,261135,5655,266790,254586,,215176,572278,-6974,-6576,1028490,0,,0,1028490,,0,117000,40.59,,,,,,,,,,,,,,,,,,,,,,,,,,,,,,,,,,,,,,,,,,,,,
2025,4,otc,2026-03-02,6535,順藥,966096,684135,1650231,131037,0,131037,1678408,,265828,-340540,-37457,-56802,1509437,,,9757,1519194,976000,0,355000,9.01,,,,,,,,,,,,,,,,,,,,,,,,,,,,,,,,,,,,,,,,,,,,,
2025,4,otc,2026-03-02,6561,是方,1256813,6161490,7418303,1447347,2330691,3778038,779584,,1379929,1464149,7587,,3631249,,,9016,3640265,0,0,0,46.58,,,,,,,,,,,,,,,,,,,,,,,,,,,,,,,,,,,,,,,,,,,,,
2025,4,otc,2026-03-02,6569,醫揚,834041,1319646,2153687,384249,199341,583590,390707,,758648,414476,6266,,1570097,,,0,1570097,0,0,0,40.19,,,,,,,,,,,,,,,,,,,,,,,,,,,,,,,,,,,,,,,,,,,,,
2025,4,otc,2026-03-02,6640,均華,2602706,2561576,5164282,2254554,454826,2709380,285175,,462664,580116,1301262,-174315,2454902,,,0,2454902,0,0,250000,86.85,,,,,,,,,,,,,,,,,,,,,,,,,,,,,,,,,,,,,,,,,,,,,
2025,4,otc,2026-03-02,6664,群翊,7307492,1588760,8896252,3374803,1274839,4649642,608066,,904295,2748188,-13939,,4246610,0,,0,4246610,,0,0,69.84,,,,,,,,,,,,,,,,,,,,,,,,,,,,,,,,,,,,,,,,,,,,,
2025,4,otc,2026-03-02,6690,安碁資訊,2552130,2267498,4819628,1032423,648795,1681218,299997,,2289805,585032,-36424,,3138410,,,,3138410,0,0,0,104.61,,,,,,,,,,,,,,,,,,,,,,,,,,,,,,,,,,,,,,,,,,,,,
2025,4,otc,2026-03-02,6692,進能服,1598792,339046,1937838,820238,40268,860506,588239,,297538,203002,-17459,,1071320,0,,6012,1077332,0,47500,0,18.21,,,,,,,,,,,,,,,,,,,,,,,,,,,,,,,,,,,,,,,,,,,,,
2025,4,otc,2026-03-02,6733,博晟生醫,636430,178948,815378,36163,21576,57739,1243560,,-273,-482927,-18267,,742093,,,15546,757639,0,0,0,5.97,,,,,,,,,,,,,,,,,,,,,,,,,,,,,,,,,,,,,,,,,,,,,
2025,4,otc,2026-03-02,6767,台微醫,501559,209126,710685,58523,79440,137963,391836,,325191,-144359,54,,572722,,,,572722,,0,0,14.62,,,,,,,,,,,,,,,,,,,,,,,,,,,,,,,,,,,,,,,,,,,,,
2025,4,otc,2026-03-02,6877,鏵友益,865630,396075,1261705,152154,197941,350095,469671,,390957,71163,-20181,0,911610,,,,911610,0,0,0,19.41,,,,,,,,,,,,,,,,,,,,,,,,,,,,,,,,,,,,,,,,,,,,,
2025,4,otc,2026-03-02,6907,雅特力-KY,1261264,77294,1338558,262359,15706,278065,511740,,186482,332079,30192,,1060493,,,,1060493,,0,0,20.72,,,,,,,,,,,,,,,,,,,,,,,,,,,,,,,,,,,,,,,,,,,,,
2025,4,otc,2026-03-02,7753,星亞,643127,253209,896336,304128,41241,345369,250000,,141352,159615,,,,,,,550967,,0,0,22.04,,,,,,,,,,,,,,,,,,,,,,,,,,,,,,,,,,,,,,,,,,,,,
2025,4,otc,2026-03-02,8040,九暘,2236166,316545,2552711,100688,7882,108570,964139,,1538222,-58220,0,,,,,,2444141,0,0,0,25.35,,,,,,,,,,,,,,,,,,,,,,,,,,,,,,,,,,,,,,,,,,,,,
2025,4,otc,2026-03-02,8049,晶采,1312420,1406964,2719384,268500,67777,336277,1182798,,31471,780896,387942,0,2383107,,,0,2383107,0,0,0,20.15,,,,,,,,,,,,,,,,,,,,,,,,,,,,,,,,,,,,,,,,,,,,,
2025,4,otc,2026-03-02,8050,廣積,4548496,7372798,11921294,2328574,1611503,3940077,2052049,,2704348,2342363,359267,-243522,7214505,,,766712,7981217,,26856,6000000,36.22,,,,,,,,,,,,,,,,,,,,,,,,,,,,,,,,,,,,,,,,,,,,,
2025,4,otc,2026-03-02,8083,瑞穎,983853,731747,1715600,488040,1525,489565,351332,,215705,658998,0,,,,,,1226035,0,0,0,34.9,,,,,,,,,,,,,,,,,,,,,,,,,,,,,,,,,,,,,,,,,,,,,
2025,4,otc,2026-03-02,8096,擎亞,7896386,680944,8577330,5875967,35415,5911382,1493431,,804932,339781,27804,,2665948,,,0,2665948,0,0,0,17.85,,,,,,,,,,,,,,,,,,,,,,,,,,,,,,,,,,,,,,,,,,,,,
2025,4,otc,2026-03-02,8111,立碁,1497086,679207,2176293,812700,22625,835325,1091022,,6534,265252,-24509,0,1338299,0,,2669,1340968,0,0,0,12.27,,,,,,,,,,,,,,,,,,,,,,,,,,,,,,,,,,,,,,,,,,,,,
2025,4,otc,2026-03-02,8279,生展,1141183,1906907,3048090,519576,155317,674893,271009,,618356,1480295,3537,,2373197,,,,2373197,0,0,0,87.57,,,,,,,,,,,,,,,,,,,,,,,,,,,,,,,,,,,,,,,,,,,,,
2025,4,otc,2026-03-02,8291,尚茂,41472,196017,237489,147797,15763,163560,174784,,118,-100973,,,,,,,73929,,0,0,4.23,,,,,,,,,,,,,,,,,,,,,,,,,,,,,,,,,,,,,,,,,,,,,
2025,4,otc,2026-03-02,8928,鉅明,1940307,1693394,3633701,1907566,634961,2542527,508540,,164,603522,-21052,0,1091174,0,,0,1091174,0,0,0,21.46,,,,,,,,,,,,,,,,,,,,,,,,,,,,,,,,,,,,,,,,,,,,,
2025,4,sii,2026-03-02,1232,大統益,7157271.0,2819535.0,9976806.0,2657689.0,1196640.0,3854329.0,1599749,,23784,4284141.0,-3728,,5903946,,,218531,6122477.0,0,0,0.0,36.91,,,,,,,,,,,,,,,,,,,,,,,,,,,,,,,,,,,,,,,,,,,,,
2025,4,sii,2026-03-02,1236,宏亞,753408.0,2781730.0,3535138.0,554864.0,457387.0,1012251.0,866740,,34205,1398856.0,223086,,2522887,,,,2522887.0,,0,0.0,29.11,,,,,,,,,,,,,,,,,,,,,,,,,,,,,,,,,,,,,,,,,,,,,
2025,4,sii,2026-03-02,1342,八貫,2237590.0,1343504.0,3581094.0,734050.0,450636.0,1184686.0,780009,,675743,949654.0,-8998,,,,,,2396408.0,,0,0.0,30.72,,,,,,,,,,,,,,,,,,,,,,,,,,,,,,,,,,,,,,,,,,,,,
2025,4,sii,2026-03-02,1413,宏洲,933881.0,1792268.0,2726149.0,733949.0,859890.0,1593839.0,1321124,,0,-180111.0,-8703,,,,,,1132310.0,,0,0.0,8.57,,,,,,,,,,,,,,,,,,,,,,,,,,,,,,,,,,,,,,,,,,,,,
2025,4,sii,2026-03-02,1436,華友聯,19855302.0,1817725.0,21673027.0,9075258.0,5658143.0,14733401.0,1941518,,1237193,3303206.0,18678,,6500595,,,439031,6939626.0,,0,0.0,33.48,,,,,,,,,,,,,,,,,,,,,,,,,,,,,,,,,,,,,,,,,,,,,
2025,4,sii,2026-03-02,1459,聯發,1866258.0,2811543.0,4677801.0,1068236.0,92693.0,1160929.0,3586289,,297733,325008.0,-166099,-528645,3514286,,,2586,3516872.0,,0,41144531.0,11.07,,,,,,,,,,,,,,,,,,,,,,,,,,,,,,,,,,,,,,,,,,,,,
2025,4,sii,2026-03-02,1515,力山,4071275.0,4201583.0,8272858.0,3678474.0,606400.0,4284874.0,1814735,,586,2268811.0,-122146,,3961986,,,25998,3987984.0,,0,0.0,21.83,,,,,,,,,,,,,,,,,,,,,,,,,,,,,,,,,,,,,,,,,,,,,
2025,4,sii,2026-03-02,1535,中宇,4818792.0,2446188.0,7264980.0,3195050.0,247805.0,3442855.0,1237426,,630995,2086398.0,-132694,,3822125,,,,3822125.0,,0,0.0,30.89,,,,,,,,,,,,,,,,,,,,,,,,,,,,,,,,,,,,,,,,,,,,,
2025,4,sii,2026-03-02,1563,巧新,10436980.0,7785636.0,18222616.0,4564483.0,4878952.0,9443435.0,2307821,,2416881,4555877.0,-5912,-540493,8734174,,,45007,8779181.0,,0,9044000.0,39.39,,,,,,,,,,,,,,,,,,,,,,,,,,,,,,,,,,,,,,,,,,,,,
2025,4,sii,2026-03-02,1582,信錦,9570569.0,3349397.0,12919966.0,4764142.0,532554.0,5296696.0,1442686,,3376992,2894353.0,-460011,,7254020,,,369250,7623270.0,,0,0.0,50.28,,,,,,,,,,,,,,,,,,,,,,,,,,,,,,,,,,,,,,,,,,,,,
2025,4,sii,2026-03-02,1597,直得,1860766.0,2232508.0,4093274.0,749056.0,935913.0,1684969.0,892619,,446121,1220834.0,-3699,-147570,2408305,,,,2408305.0,0,0,2000000.0,27.6,,,,,,,,,,,,,,,,,,,,,,,,,,,,,,,,,,,,,,,,,,,,,
2025,4,sii,2026-03-02,1605,華新,84873079.0,218543967.0,303417046.0,53099355.0,74220423.0,127319778.0,44313329,,37354983,60375913.0,23809009,,165853234,,,10244034,176097268.0,,0,0.0,37.43,,,,,,,,,,,,,,,,,,,,,,,,,,,,,,,,,,,,,,,,,,,,,
2025,4,sii,2026-03-02,1712,興農,7899784.0,7470880.0,15370664.0,5027494.0,1714722.0,6742216.0,4204926,,465767,4048173.0,-152051,,8566815,,,61633,8628448.0,,0,0.0,20.37,,,,,,,,,,,,,,,,,,,,,,,,,,,,,,,,,,,,,,,,,,,,,
2025,4,sii,2026-03-02,1720,生達,5461464.0,6334439.0,11795903.0,2156966.0,352128.0,2509094.0,1786961,,301112,4142763.0,-106191,,6124645,,,3162164,9286809.0,0,0,0.0,34.27,,,,,,,,,,,,,,,,,,,,,,,,,,,,,,,,,,,,,,,,,,,,,
2025,4,sii,2026-03-02,1723,中碳,3617713.0,7825246.0,11442959.0,1979836.0,1644844.0,3624680.0,2369044,,989006,4885235.0,-307368,-117638,7818279,,,,7818279.0,,0,4753537.0,33.68,,,,,,,,,,,,,,,,,,,,,,,,,,,,,,,,,,,,,,,,,,,,,
2025,4,sii,2026-03-02,1730,花仙子,1817433.0,957956.0,2775389.0,541492.0,43479.0,584971.0,632339,,234657,1194732.0,-7989,,2053739,,,136679,2190418.0,,0,0.0,32.48,,,,,,,,,,,,,,,,,,,,,,,,,,,,,,,,,,,,,,,,,,,,,
2025,4,sii,2026-03-02,1731,美吾華,1209501.0,2027939.0,3237440.0,433201.0,641308.0,1074509.0,1329152,,192289,687681.0,-46191,,2162931,,,,2162931.0,,0,0.0,16.27,,,,,,,,,,,,,,,,,,,,,,,,,,,,,,,,,,,,,,,,,,,,,
2025,4,sii,2026-03-02,1752,南光,1492605.0,2330766.0,3823371.0,1064790.0,268909.0,1333699.0,1009885,,245012,1229276.0,-35,,2484138,,,5534,2489672.0,0,0,0.0,24.6,,,,,,,,,,,,,,,,,,,,,,,,,,,,,,,,,,,,,,,,,,,,,
2025,4,sii,2026-03-02,2002,中鋼,177774877.0,496072096.0,673846973.0,128948463.0,214979505.0,343927968.0,157731290,,41189617,108837625.0,-2006778,-13118233,292633521,,,37285484,329919005.0,,0,674286000.0,19.38,,,,,,,,,,,,,,,,,,,,,,,,,,,,,,,,,,,,,,,,,,,,,
2025,4,sii,2026-03-02,2006,東和鋼鐵,28467305.0,23529904.0,51997209.0,15662886.0,1871977.0,17534863.0,7302138,,7745045,19702932.0,-404143,,34345972,,,116374,34462346.0,,0,0.0,47.04,,,,,,,,,,,,,,,,,,,,,,,,,,,,,,,,,,,,,,,,,,,,,
2025,4,sii,2026-03-02,2013,中鋼構,10548110.0,4411655.0,14959765.0,8601098.0,681890.0,9282988.0,2000000,,1383331,2457171.0,-163725,,5676777,,,,5676777.0,,0,0.0,28.38,,,,,,,,,,,,,,,,,,,,,,,,,,,,,,,,,,,,,,,,,,,,,
2025,4,sii,2026-03-02,2014,中鴻,8290243.0,18595909.0,26886152.0,5650496.0,9124303.0,14774799.0,14355444,,903,-951605.0,-1293389,,12111353,,,,12111353.0,,0,0.0,8.44,,,,,,,,,,,,,,,,,,,,,,,,,,,,,,,,,,,,,,,,,,,,,
2025,4,sii,2026-03-02,2015,豐興,11548041.0,14292570.0,25840611.0,2536259.0,691533.0,3227792.0,5815994,,455825,16538652.0,-210712,,22599759,,,13060,22612819.0,,0,0.0,38.86,,,,,,,,,,,,,,,,,,,,,,,,,,,,,,,,,,,,,,,,,,,,,
2025,4,sii,2026-03-02,2024,志聯,720313.0,933875.0,1654188.0,335318.0,204118.0,539436.0,975000,,10708,129044.0,0,,,0,0,,1114752.0,,0,0.0,11.43,,,,,,,,,,,,,,,,,,,,,,,,,,,,,,,,,,,,,,,,,,,,,
2025,4,sii,2026-03-02,2049,上銀,19863891.0,34312105.0,54175996.0,8529746.0,8172630.0,16702376.0,3537923,,7479735,25162811.0,1165297,,37345766,,,127854,37473620.0,,0,0.0,105.56,,,,,,,,,,,,,,,,,,,,,,,,,,,,,,,,,,,,,,,,,,,,,
2025,4,sii,2026-03-02,2059,川湖,29989968.0,5093468.0,35083436.0,5366945.0,1690532.0,7057477.0,952971,,796691,26263649.0,12648,,28025959,,,,28025959.0,,0,0.0,294.09,,,,,,,,,,,,,,,,,,,,,,,,,,,,,,,,,,,,,,,,,,,,,
2025,4,sii,2026-03-02,2062,橋椿,5131012.0,6116284.0,11247296.0,2338428.0,1299723.0,3638151.0,1999942,,1911126,3879802.0,-183545,,7607325,,,1820,7609145.0,,0,0.0,38.04,,,,,,,,,,,,,,,,,,,,,,,,,,,,,,,,,,,,,,,,,,,,,
2025,4,sii,2026-03-02,2301,光寶科,164020954.0,41666429.0,205687383.0,109597232.0,6111358.0,115708590.0,23167758,,21560557,49832936.0,-2012223,-2726963,89822065,,,156728,89978793.0,,0,47004221.0,39.57,,,,,,,,,,,,,,,,,,,,,,,,,,,,,,,,,,,,,,,,,,,,,
2025,4,sii,2026-03-02,2303,聯電,204783258.0,374212751.0,578996009.0,87598137.0,111542432.0,199140569.0,125881563,,15409600,232882973.0,5594129,,379768265,,,87175,379855440.0,,0,0.0,30.17,,,,,,,,,,,,,,,,,,,,,,,,,,,,,,,,,,,,,,,,,,,,,
2025,4,sii,2026-03-02,2308,台達電,395780787.0,243837813.0,639618600.0,209664989.0,104564608.0,314229597.0,25975433,,55072097,183526435.0,3484011,,268057976,,,57331027,325389003.0,0,0,0.0,103.2,,,,,,,,,,,,,,,,,,,,,,,,,,,,,,,,,,,,,,,,,,,,,
2025,4,sii,2026-03-02,2329,華泰,10681781.0,10032449.0,20714230.0,7939025.0,1621007.0,9560032.0,6590043,,375146,4621252.0,-432243,,11154198,,,,11154198.0,0,0,0.0,16.93,,,,,,,,,,,,,,,,,,,,,,,,,,,,,,,,,,,,,,,,,,,,,
2025,4,sii,2026-03-02,2330,台積電,3817130817.0,4115893061.0,7933023878.0,1458019289.0,1014209306.0,2472228595.0,259325245,,73445601,5103501560.0,-16676412,0,5419595994,,,41199289,5460795283.0,,0,0.0,208.99,,,,,,,,,,,,,,,,,,,,,,,,,,,,,,,,,,,,,,,,,,,,,
2025,4,sii,2026-03-02,2340,台亞,5589526.0,9111282.0,14700808.0,3985559.0,3649181.0,7634740.0,4386228,,1810974,424039.0,-41078,-23172,6556991,,,509077,7066068.0,,0,754543.0,14.97,,,,,,,,,,,,,,,,,,,,,,,,,,,,,,,,,,,,,,,,,,,,,
2025,4,sii,2026-03-02,2344,華邦電,73191129.0,119000938.0,192192067.0,46615224.0,31446712.0,78061936.0,45000002,,13751860,31692818.0,17491287,,107935967,,,6194164,114130131.0,,0,0.0,23.99,,,,,,,,,,,,,,,,,,,,,,,,,,,,,,,,,,,,,,,,,,,,,
2025,4,sii,2026-03-02,2379,瑞昱,97357079.0,32546284.0,129903363.0,74755910.0,2935367.0,77691277.0,5155126,,1623486,42615429.0,2808327,,52202368,,,9718,52212086.0,0,0,0.0,101.26,,,,,,,,,,,,,,,,,,,,,,,,,,,,,,,,,,,,,,,,,,,,,
2025,4,sii,2026-03-02,2387,精元,15452098.0,4680254.0,20132352.0,7769264.0,688666.0,8457930.0,1952510,,133022,9169542.0,-625050,-23737,10606287,,,1068135,11674422.0,0,0,1730000.0,54.81,,,,,,,,,,,,,,,,,,,,,,,,,,,,,,,,,,,,,,,,,,,,,
2025,4,sii,2026-03-02,2395,研華,42495527.0,33221997.0,75717524.0,16517343.0,4150916.0,20668259.0,8658303,,12057154,33162960.0,1069064,,54947481,,,101784,55049265.0,,640500,0.0,63.46,,,,,,,,,,,,,,,,,,,,,,,,,,,,,,,,,,,,,,,,,,,,,
2025,4,sii,2026-03-02,2412,中華電,117371085.0,418500866.0,535871951.0,78942022.0,56139853.0,135081875.0,77574465,,172450886,135212191.0,1020169,,386257711,,,14532365,400790076.0,,0,0.0,49.79,,,,,,,,,,,,,,,,,,,,,,,,,,,,,,,,,,,,,,,,,,,,,
2025,4,sii,2026-03-02,2419,仲琦,8866618.0,2127429.0,10994047.0,4486510.0,398941.0,4885451.0,3213172,,1153471,184553.0,190586,,4741782,,,1366814,6108596.0,0,0,0.0,14.76,,,,,,,,,,,,,,,,,,,,,,,,,,,,,,,,,,,,,,,,,,,,,
2025,4,sii,2026-03-02,2423,固緯,2422190.0,1315827.0,3738017.0,653183.0,121118.0,774301.0,1450472,,4157,1632956.0,-123869,,2963716,,,,2963716.0,0,0,0.0,20.43,,,,,,,,,,,,,,,,,,,,,,,,,,,,,,,,,,,,,,,,,,,,,
2025,4,sii,2026-03-02,2439,美律,31548152.0,13246417.0,44794569.0,20331321.0,5375423.0,25706744.0,2538269,,8480217,7310841.0,-780006,,17549321,,,1538504,19087825.0,0,0,0.0,69.14,,,,,,,,,,,,,,,,,,,,,,,,,,,,,,,,,,,,,,,,,,,,,
2025,4,sii,2026-03-02,2450,神腦,7103734.0,3589800.0,10693534.0,3889511.0,355212.0,4244723.0,2582527,,738199,3148517.0,-29116,,6440127,,,8684,6448811.0,,0,0.0,24.94,,,,,,,,,,,,,,,,,,,,,,,,,,,,,,,,,,,,,,,,,,,,,
2025,4,sii,2026-03-02,2454,聯發科,397456191.0,346328614.0,743784805.0,303349808.0,31239976.0,334589784.0,16039122,,34599724,319539036.0,30479076,-55970,400600988,,,8594033,409195021.0,,0,7794085.0,250.98,,,,,,,,,,,,,,,,,,,,,,,,,,,,,,,,,,,,,,,,,,,,,
2025,4,sii,2026-03-02,2455,全新,2306884.0,2369771.0,4676655.0,778315.0,603644.0,1381959.0,1849059,,29756,1462081.0,-46200,0,,,,,3294696.0,0,0,0.0,17.82,,,,,,,,,,,,,,,,,,,,,,,,,,,,,,,,,,,,,,,,,,,,,
2025,4,sii,2026-03-02,2480,敦陽科,6891371.0,1172202.0,8063573.0,4476730.0,66540.0,4543270.0,1063603,,166514,2288424.0,1762,0,3520303,,,0,3520303.0,0,0,0.0,33.1,,,,,,,,,,,,,,,,,,,,,,,,,,,,,,,,,,,,,,,,,,,,,
2025,4,sii,2026-03-02,2488,漢平,2933990.0,871532.0,3805522.0,756715.0,241074.0,997789.0,799994,,34071,2020808.0,-47140,,2807733,,,,2807733.0,0,0,0.0,35.1,,,,,,,,,,,,,,,,,,,,,,,,,,,,,,,,,,,,,,,,,,,,,
2025,4,sii,2026-03-02,2492,華新科,33441880.0,70984812.0,104426692.0,22283858.0,19352865.0,41636723.0,4858048,,3137789,38521047.0,5757026,-236380,52037530,,,10752439,62789969.0,,0,1000000.0,107.34,,,,,,,,,,,,,,,,,,,,,,,,,,,,,,,,,,,,,,,,,,,,,
2025,4,sii,2026-03-02,2528,皇普,21655367.0,804663.0,22460030.0,11484102.0,3085585.0,14569687.0,4340264,,1634607,1915472.0,0,,,,,,7890343.0,,0,0.0,18.18,,,,,,,,,,,,,,,,,,,,,,,,,,,,,,,,,,,,,,,,,,,,,
2025,4,sii,2026-03-02,2548,華固,51759382.0,2497699.0,54257081.0,23397185.0,8437311.0,31834496.0,3197187,,820040,18363152.0,35743,-850,22415272,,,7313,22422585.0,0,0,201378.0,70.15,,,,,,,,,,,,,,,,,,,,,,,,,,,,,,,,,,,,,,,,,,,,,
2025,4,sii,2026-03-02,2633,台灣高鐵,25552617.0,355249899.0,380802516.0,26373772.0,281655981.0,308029753.0,56282930,,172981,16316852.0,,,,,,,72772763.0,0,0,0.0,12.93,,,,,,,,,,,,,,,,,,,,,,,,,,,,,,,,,,,,,,,,,,,,,
2025,4,sii,2026-03-02,2762,世界健身-KY,1868871.0,16866554.0,18735425.0,6262554.0,9580276.0,15842830.0,1125000,,1837117,278247.0,-3553,-344216,2892595,,,,2892595.0,0,0,3278000.0,26.48,,,,,,,,,,,,,,,,,,,,,,,,,,,,,,,,,,,,,,,,,,,,,
2025,4,sii,2026-03-02,2801,彰銀,,,,,,,117660462,,24,86507254.0,16159315,0,220327055,,,,,,0,0.0,18.73,38807540.0,211749070.0,124312609.0,319082057.0,542424600.0,,,26360804.0,116626.0,,,2067768378.0,,,371614.0,21962532.0,1941470.0,14014912.0,1013697.0,5204876.0,1880453.0,3377011238.0,333816006.0,,2015551.0,,15879836.0,30429530.0,1241065.0,,2710322674.0,41785176.0,,,1363223.0,2481891.0,1815412.0,11113797.0,4420022.0,3156684183.0,220327055.0,,,,
2025,4,sii,2026-03-02,2855,統一證,238967988.0,10807643.0,249775631.0,203895629.0,6406459.0,210302088.0,16014145,,91201,,3022119,,,,,170925,39473543.0,0,0,,24.54,,,,,,,,,,,,,,,,,,,,,,,,,,,,,,,,,,,,,,,,,,,20175153.0,39302618.0,0.0
2025,4,sii,2026-03-02,2912,統一超,94547458.0,198083170.0,292630628.0,120598789.0,119105276.0,239704065.0,10396223,,91958,31293729.0,779527,,42561437,,,10365126,52926563.0,,0,0.0,40.94,,,,,,,,,,,,,,,,,,,,,,,,,,,,,,,,,,,,,,,,,,,,,
2025,4,sii,2026-03-02,2945,三商家購,2274355.0,4024936.0,6299291.0,2482130.0,1647124.0,4129254.0,675000,,1055235,262940.0,0,,1993175,,,176862,2170037.0,0,0,0.0,29.53,,,,,,,,,,,,,,,,,,,,,,,,,,,,,,,,,,,,,,,,,,,,,
2025,4,sii,2026-03-02,3004,豐達科,3981584.0,4076201.0,8057785.0,2489761.0,1928988.0,4418749.0,642584,,1269878,1709707.0,16867,,3639036,0,,0,3639036.0,0,0,0.0,56.63,,,,,,,,,,,,,,,,,,,,,,,,,,,,,,,,,,,,,,,,,,,,,
2025,4,sii,2026-03-02,3006,晶豪科,14293602.0,2503350.0,16796952.0,5541652.0,1091764.0,6633416.0,2861722,,510673,7147009.0,-69220,-163122,10287062,,,-123526,10163536.0,,0,14000000.0,37.8,,,,,,,,,,,,,,,,,,,,,,,,,,,,,,,,,,,,,,,,,,,,,
2025,4,sii,2026-03-02,3008,大立光,154285459.0,66501561.0,220787020.0,29748503.0,170572.0,29919075.0,1334682,,1564701,185818052.0,1772969,-1623219,188867185,,,2000760,190867945.0,0,0,670000.0,1422.21,,,,,,,,,,,,,,,,,,,,,,,,,,,,,,,,,,,,,,,,,,,,,
2025,4,sii,2026-03-02,3029,零壹,12391437.0,2767154.0,15158591.0,7162448.0,989992.0,8152440.0,1670052,,2210623,1829137.0,39135,,5748947,,,1257204,7006151.0,,0,0.0,34.42,,,,,,,,,,,,,,,,,,,,,,,,,,,,,,,,,,,,,,,,,,,,,
2025,4,sii,2026-03-02,3030,德律,7736336.0,4420018.0,12156354.0,2242068.0,310388.0,2552456.0,2362160,,70742,7199058.0,-28062,,9603898,,,,9603898.0,0,0,0.0,40.66,,,,,,,,,,,,,,,,,,,,,,,,,,,,,,,,,,,,,,,,,,,,,
2025,4,sii,2026-03-02,3035,智原,11200551.0,7731695.0,18932246.0,4684523.0,718923.0,5403446.0,2605503,,4325263,5165720.0,959874,,13056360,,,472440,13528800.0,0,0,0.0,50.11,,,,,,,,,,,,,,,,,,,,,,,,,,,,,,,,,,,,,,,,,,,,,
2025,4,sii,2026-03-02,3037,欣興,105297620.0,150493992.0,255791612.0,75454571.0,73329964.0,148784535.0,17003031,,16271023,66376818.0,1037660,-119230,100569302,,,6437775,107007077.0,0,14715771,1001935.0,65.16,,,,,,,,,,,,,,,,,,,,,,,,,,,,,,,,,,,,,,,,,,,,,
2025,4,sii,2026-03-02,3054,立萬利,559815.0,581851.0,1141666.0,79441.0,6101.0,85542.0,806510,,0,150910.0,98704,0,1056124,,,,1056124.0,0,0,0.0,13.09,,,,,,,,,,,,,,,,,,,,,,,,,,,,,,,,,,,,,,,,,,,,,
2025,4,sii,2026-03-02,3090,日電貿,10305913.0,9868558.0,20174471.0,6015258.0,288697.0,6303955.0,2875672,,7777226,3295368.0,-133272,,13814994,,,55522,13870516.0,,0,0.0,48.04,,,,,,,,,,,,,,,,,,,,,,,,,,,,,,,,,,,,,,,,,,,,,
2025,4,sii,2026-03-02,3092,鴻碩,2147200.0,2857034.0,5004234.0,2100463.0,1440857.0,3541320.0,1065520,,883332,-446775.0,-70464,,1431613,,,31301,1462914.0,0,0,0.0,13.44,,,,,,,,,,,,,,,,,,,,,,,,,,,,,,,,,,,,,,,,,,,,,
2025,4,sii,2026-03-02,3130,一零四,3002995.0,967713.0,3970708.0,2173103.0,85779.0,2258882.0,331907,,397574,982988.0,-643,,1711826,,,,1711826.0,0,0,0.0,51.58,,,,,,,,,,,,,,,,,,,,,,,,,,,,,,,,,,,,,,,,,,,,,
2025,4,sii,2026-03-02,3189,景碩,28937637.0,51035643.0,79973280.0,20106416.0,18493667.0,38600083.0,4567920,,7375477,20964996.0,-176628,,32731765,,,8641432,41373197.0,,0,0.0,71.66,,,,,,,,,,,,,,,,,,,,,,,,,,,,,,,,,,,,,,,,,,,,,
2025,4,sii,2026-03-02,3311,閎暉,1646306.0,3368515.0,5014821.0,1305261.0,70918.0,1376179.0,1000000,,1193133,1703464.0,-257955,,3638642,,,,3638642.0,,0,0.0,36.39,,,,,,,,,,,,,,,,,,,,,,,,,,,,,,,,,,,,,,,,,,,,,
2025,4,sii,2026-03-02,3321,同泰,1649730.0,489966.0,2139696.0,1158191.0,263577.0,1421768.0,861138,,99265,-180133.0,-62342,,717928,,,,717928.0,0,0,0.0,8.34,,,,,,,,,,,,,,,,,,,,,,,,,,,,,,,,,,,,,,,,,,,,,
2025,4,sii,2026-03-02,3380,明泰,17114366.0,7045579.0,24159945.0,10377427.0,743144.0,11120571.0,5417185,,2354126,1510849.0,-158330,,9123830,,,3915544,13039374.0,,0,0.0,16.84,,,,,,,,,,,,,,,,,,,,,,,,,,,,,,,,,,,,,,,,,,,,,
2025,4,sii,2026-03-02,3416,融程電,2713497.0,2262376.0,4975873.0,1405429.0,39580.0,1445009.0,804920,,1050202,1699130.0,-20632,,3533620,,,-2756,3530864.0,,95000,0.0,43.88,,,,,,,,,,,,,,,,,,,,,,,,,,,,,,,,,,,,,,,,,,,,,
2025,4,sii,2026-03-02,3443,創意,25737418.0,2705650.0,28443068.0,15033293.0,496983.0,15530276.0,1340119,,32896,11555644.0,-15867,,12912792,,,,12912792.0,,0,0.0,96.36,,,,,,,,,,,,,,,,,,,,,,,,,,,,,,,,,,,,,,,,,,,,,
2025,4,sii,2026-03-02,3454,晶睿,4339000.0,1429389.0,5768389.0,2167198.0,216719.0,2383917.0,865679,,466415,1964028.0,18771,,3314893,,,69579,3384472.0,,0,0.0,38.29,,,,,,,,,,,,,,,,,,,,,,,,,,,,,,,,,,,,,,,,,,,,,
2025,4,sii,2026-03-02,3504,揚明光,2216643.0,2014325.0,4230968.0,984347.0,451486.0,1435833.0,1140598,,1648205,125058.0,-118726,,2795135,,,0,2795135.0,0,0,0.0,24.51,,,,,,,,,,,,,,,,,,,,,,,,,,,,,,,,,,,,,,,,,,,,,
2025,4,sii,2026-03-02,3515,華擎,25120093.0,2009979.0,27130072.0,11970132.0,60580.0,12030712.0,1235450,,5331349,5580780.0,-158270,,11989309,,,3110051,15099360.0,1500,0,0.0,97.04,,,,,,,,,,,,,,,,,,,,,,,,,,,,,,,,,,,,,,,,,,,,,
2025,4,sii,2026-03-02,3545,敦泰,8272576.0,5277651.0,13550227.0,3873186.0,1048255.0,4921441.0,2211512,,6247294,462544.0,-22753,-269871,8628726,,,60,8628786.0,,0,3598000.0,39.66,,,,,,,,,,,,,,,,,,,,,,,,,,,,,,,,,,,,,,,,,,,,,
2025,4,sii,2026-03-02,3563,牧德,5926301.0,964544.0,6890845.0,988842.0,103549.0,1092391.0,639608,,1835550,3197752.0,3847,,5676757,,,121697,5798454.0,,0,0.0,88.75,,,,,,,,,,,,,,,,,,,,,,,,,,,,,,,,,,,,,,,,,,,,,
2025,4,sii,2026-03-02,3592,瑞鼎,17335644.0,2323599.0,19659243.0,7694303.0,445083.0,8139386.0,758552,,4712933,6462155.0,-413783,,11519857,,,,11519857.0,0,0,0.0,151.87,,,,,,,,,,,,,,,,,,,,,,,,,,,,,,,,,,,,,,,,,,,,,
2025,4,sii,2026-03-02,3596,智易,37352655.0,7458344.0,44810999.0,27510239.0,267597.0,27777836.0,2203543,,3429455,11249315.0,62391,,16944704,,,88459,17033163.0,,0,0.0,76.9,,,,,,,,,,,,,,,,,,,,,,,,,,,,,,,,,,,,,,,,,,,,,
2025,4,sii,2026-03-02,3679,新至陞,6635161.0,2513690.0,9148851.0,2359015.0,1803697.0,4162712.0,630222,,940899,3599113.0,-184095,,4986139,,,,4986139.0,0,0,0.0,79.12,,,,,,,,,,,,,,,,,,,,,,,,,,,,,,,,,,,,,,,,,,,,,
2025,4,sii,2026-03-02,4108,懷特,1263922.0,1089155.0,2353077.0,46119.0,13305.0,59424.0,1986189,,6349,-282059.0,162306,,1872785,,,420868,2293653.0,,0,0.0,9.43,,,,,,,,,,,,,,,,,,,,,,,,,,,,,,,,,,,,,,,,,,,,,
2025,4,sii,2026-03-02,4133,亞諾法,915458.0,411777.0,1327235.0,53787.0,16953.0,70740.0,605536,0,474527,181513.0,-5081,0,1256495,0,,0,1256495.0,,0,0.0,20.75,,,,,,,,,,,,,,,,,,,,,,,,,,,,,,,,,,,,,,,,,,,,,
2025,4,sii,2026-03-02,4576,大銀微系統,2818593.0,4190764.0,7009357.0,1342861.0,1230641.0,2573502.0,1198018,,1578181,1281986.0,44486,,4102671,,,333184,4435855.0,,0,0.0,34.25,,,,,,,,,,,,,,,,,,,,,,,,,,,,,,,,,,,,,,,,,,,,,
2025,4,sii,2026-03-02,4583,台灣精銳,7162965.0,4089336.0,11252301.0,410961.0,652339.0,1063300.0,801714,,883257,8504030.0,0,,10189001,,,,10189001.0,,0,0.0,127.09,,,,,,,,,,,,,,,,,,,,,,,,,,,,,,,,,,,,,,,,,,,,,
2025,4,sii,2026-03-02,4915,致伸,36374077.0,14849742.0,51223819.0,26848416.0,3852868.0,30701284.0,4711428,,3894162,12707526.0,-790581,,20522535,,,0,20522535.0,0,0,0.0,43.56,,,,,,,,,,,,,,,,,,,,,,,,,,,,,,,,,,,,,,,,,,,,,
2025,4,sii,2026-03-02,4919,新唐,18300831.0,11690597.0,29991428.0,8842408.0,8031184.0,16873592.0,4197653,,7099820,3425273.0,-1604910,,13117836,,,,13117836.0,,0,0.0,31.25,,,,,,,,,,,,,,,,,,,,,,,,,,,,,,,,,,,,,,,,,,,,,
2025,4,sii,2026-03-02,4952,凌通,1855209.0,904183.0,2759392.0,485444.0,160614.0,646058.0,1088158,,141967,916903.0,-33694,,2113334,,,,2113334.0,,0,0.0,19.42,,,,,,,,,,,,,,,,,,,,,,,,,,,,,,,,,,,,,,,,,,,,,
2025,4,sii,2026-03-02,5203,訊連,2600332.0,3472356.0,6072688.0,1057162.0,374106.0,1431268.0,793426,,2344336,1663234.0,-159576,,4641420,,,,4641420.0,0,0,0.0,58.5,,,,,,,,,,,,,,,,,,,,,,,,,,,,,,,,,,,,,,,,,,,,,
2025,4,sii,2026-03-02,5225,東科-KY,5214425.0,1378219.0,6592644.0,2869788.0,209363.0,3079151.0,791145,,1166067,1515462.0,64838,-24019,3513493,0,,0,3513493.0,,0,453000.0,44.67,,,,,,,,,,,,,,,,,,,,,,,,,,,,,,,,,,,,,,,,,,,,,
2025,4,sii,2026-03-02,5234,達興材料,3421619.0,1691872.0,5113491.0,1359879.0,226096.0,1585975.0,1027159,,41838,2458519.0,,,3527516,,,,3527516.0,0,0,0.0,34.34,,,,,,,,,,,,,,,,,,,,,,,,,,,,,,,,,,,,,,,,,,,,,
2025,4,sii,2026-03-02,5876,上海商銀,,,,,,,48616031,,27867109,116317989.0,12200638,-83144,204918623,,,70412351,,0,0,11397439.0,42.25,28603224.0,418484106.0,4432307.0,521796038.0,172989283.0,,32181654,23212672.0,1073339.0,0,,1185067076.0,1645086,,5526.0,23683061.0,1483560.0,5322131.0,2084443.0,6245843.0,12335957.0,2440645306.0,34339600.0,,6132148.0,,7192305.0,36633175.0,727921.0,,1982543567.0,65275649.0,,,13866786.0,3451936.0,1508848.0,9714811.0,3927586.0,2165314332.0,275330974.0,,,,
2025,4,sii,2026-03-02,6120,達運,9703063.0,6394298.0,16097361.0,4970942.0,2316215.0,7287157.0,5989996,,2769556,844896.0,-794244,,8810204,,,,8810204.0,,0,0.0,14.71,,,,,,,,,,,,,,,,,,,,,,,,,,,,,,,,,,,,,,,,,,,,,
2025,4,sii,2026-03-02,6155,鈞寶,1018782.0,1080041.0,2098823.0,496538.0,13910.0,510448.0,880239,,218934,411901.0,77301,0,1588375,,,0,1588375.0,0,0,0.0,18.04,,,,,,,,,,,,,,,,,,,,,,,,,,,,,,,,,,,,,,,,,,,,,
2025,4,sii,2026-03-02,6176,瑞儀,50699668.0,17728878.0,68428546.0,28639697.0,3916067.0,32555764.0,4650273,,4726033,29737293.0,-2534416,-706401,35872782,,,,35872782.0,0,0,4786000.0,77.94,,,,,,,,,,,,,,,,,,,,,,,,,,,,,,,,,,,,,,,,,,,,,
2025,4,sii,2026-03-02,6183,關貿,2877235.0,1696633.0,4573868.0,1527241.0,219754.0,1746995.0,1500000,,11,1390712.0,-63850,,2826873,,,,2826873.0,,0,0.0,18.85,,,,,,,,,,,,,,,,,,,,,,,,,,,,,,,,,,,,,,,,,,,,,
2025,4,sii,2026-03-02,6202,盛群,4512007.0,1051648.0,5563655.0,1230842.0,344789.0,1575631.0,2303882,,250130,1417743.0,-52171,,3919584,,,68440,3988024.0,0,0,0.0,17.01,,,,,,,,,,,,,,,,,,,,,,,,,,,,,,,,,,,,,,,,,,,,,
2025,4,sii,2026-03-02,6446,藥華藥,29043718.0,8367576.0,37411294.0,4680703.0,755260.0,5435963.0,3796294,,24106248,7244488.0,-408750,-2762949,31975331,,,,31975331.0,,0,8469000.0,86.15,,,,,,,,,,,,,,,,,,,,,,,,,,,,,,,,,,,,,,,,,,,,,
2025,4,sii,2026-03-02,6558,興能高,955233.0,777281.0,1732514.0,325887.0,30393.0,356280.0,937889,,319631,158942.0,-40228,,1376234,,,,1376234.0,0,0,0.0,14.67,,,,,,,,,,,,,,,,,,,,,,,,,,,,,,,,,,,,,,,,,,,,,
2025,4,sii,2026-03-02,6579,研揚,7282873.0,7583473.0,14866346.0,2470160.0,486372.0,2956532.0,1694512,,6463625,1679183.0,117867,,9955187,,,1954627,11909814.0,0,0,0.0,58.75,,,,,,,,,,,,,,,,,,,,,,,,,,,,,,,,,,,,,,,,,,,,,
2025,4,sii,2026-03-02,6658,聯策,1836539.0,1322476.0,3159015.0,1068512.0,694233.0,1762745.0,363700,,539768,357749.0,53729,,1314946,,,81324,1396270.0,,0,0.0,36.15,,,,,,,,,,,,,,,,,,,,,,,,,,,,,,,,,,,,,,,,,,,,,
2025,4,sii,2026-03-02,6669,緯穎,306976861.0,31212463.0,338189324.0,179653598.0,33882964.0,213536562.0,1858408,,37006591,83090797.0,2696966,,124652762,,,,124652762.0,0,0,0.0,670.75,,,,,,,,,,,,,,,,,,,,,,,,,,,,,,,,,,,,,,,,,,,,,
2025,4,sii,2026-03-02,6719,力智,14592789.0,2236963.0,16829752.0,1041233.0,1696053.0,2737286.0,1054680,,10524997,2557832.0,-45043,,14092466,,,,14092466.0,0,0,0.0,133.62,,,,,,,,,,,,,,,,,,,,,,,,,,,,,,,,,,,,,,,,,,,,,
2025,4,sii,2026-03-02,6770,力積電,44147657.0,134537967.0,178685624.0,22785219.0,73900218.0,96685437.0,42258635,,27949944,11796415.0,-4807,,82000187,,,,82000187.0,,1473670,0.0,19.41,,,,,,,,,,,,,,,,,,,,,,,,,,,,,,,,,,,,,,,,,,,,,
2025,4,sii,2026-03-02,6782,視陽,2179046.0,3819761.0,5998807.0,1227506.0,330127.0,1557633.0,630000,,1431007,2187712.0,173581,,4422300,,,18874,4441174.0,0,0,0.0,70.2,,,,,,,,,,,,,,,,,,,,,,,,,,,,,,,,,,,,,,,,,,,,,
2025,4,sii,2026-03-02,6789,采鈺,13596074.0,8731208.0,22327282.0,3165465.0,738356.0,3903821.0,3182991,,7459818,7899007.0,-118355,,,,,,18423461.0,,0,0.0,57.88,,,,,,,,,,,,,,,,,,,,,,,,,,,,,,,,,,,,,,,,,,,,,
2025,4,sii,2026-03-02,6790,永豐實,4769997.0,5701362.0,10471359.0,2632905.0,2064182.0,4697087.0,2671290,,1190107,1960651.0,-47776,,5774272,,,0,5774272.0,,0,0.0,21.62,,,,,,,,,,,,,,,,,,,,,,,,,,,,,,,,,,,,,,,,,,,,,
2025,4,sii,2026-03-02,6799,來頡,1699993.0,200693.0,1900686.0,243515.0,3393.0,246908.0,437016,,590054,661453.0,-6320,-28425,1653778,,,,1653778.0,3960,0,269000.0,38.08,,,,,,,,,,,,,,,,,,,,,,,,,,,,,,,,,,,,,,,,,,,,,
2025,4,sii,2026-03-02,6834,天二科技,1196009.0,1033431.0,2229440.0,769746.0,25515.0,795261.0,884711,,455675,115643.0,-21850,,1434179,,,,1434179.0,,0,0.0,16.21,,,,,,,,,,,,,,,,,,,,,,,,,,,,,,,,,,,,,,,,,,,,,
2025,4,sii,2026-03-02,6962,奕力-KY,11415583.0,14202554.0,25618137.0,4938269.0,666514.0,5604783.0,4923966,,5469650,9598894.0,20844,,20013354,,,,20013354.0,0,0,0.0,40.64,,,,,,,,,,,,,,,,,,,,,,,,,,,,,,,,,,,,,,,,,,,,,
2025,4,sii,2026-03-02,7711,永擎,11440808.0,220816.0,11661624.0,6801495.0,7651.0,6809146.0,717342,,3050320,1097519.0,-12703,,4852478,,,0,4852478.0,,0,0.0,67.65,,,,,,,,,,,,,,,,,,,,,,,,,,,,,,,,,,,,,,,,,,,,,
2025,4,sii,2026-03-02,7765,中華資安,2481143.0,351529.0,2832672.0,746544.0,34282.0,780826.0,406808,,1082526,561342.0,1170,,,,,,2051846.0,,2000,0.0,50.44,,,,,,,,,,,,,,,,,,,,,,,,,,,,,,,,,,,,,,,,,,,,,
2025,4,sii,2026-03-02,8028,昇陽半導體,2654657.0,9514277.0,12168934.0,1836228.0,5224838.0,7061066.0,1752831,,1969058,1385979.0,,,,,,,5107868.0,0,0,0.0,29.14,,,,,,,,,,,,,,,,,,,,,,,,,,,,,,,,,,,,,,,,,,,,,
2025,4,sii,2026-03-02,8046,南電,23622645.0,37584753.0,61207398.0,7188753.0,7895751.0,15084504.0,6461655,,18125648,22311393.0,-775802,,46122894,,,,46122894.0,0,0,0.0,71.38,,,,,,,,,,,,,,,,,,,,,,,,,,,,,,,,,,,,,,,,,,,,,
2025,4,sii,2026-03-02,8150,南茂,25147331.0,20205090.0,45352421.0,10467091.0,10876967.0,21344058.0,7045231,,5879319,11061187.0,150741,-128115,24008363,,,,24008363.0,0,0,4540000.0,34.3,,,,,,,,,,,,,,,,,,,,,,,,,,,,,,,,,,,,,,,,,,,,,
2025,4,sii,2026-03-02,8215,明基材,8831630.0,14387704.0,23219334.0,8314047.0,7348575.0,15662622.0,3206745,,193709,1740543.0,-10395,,5130602,,,2426110,7556712.0,0,0,0.0,16.0,,,,,,,,,,,,,,,,,,,,,,,,,,,,,,,,,,,,,,,,,,,,,
2025,4,sii,2026-03-02,8261,富鼎,5671008.0,980521.0,6651529.0,712941.0,5727.0,718668.0,1188784,,3015419,1800021.0,-71429,,5932795,,,66,5932861.0,,0,0.0,49.91,,,,,,,,,,,,,,,,,,,,,,,,,,,,,,,,,,,,,,,,,,,,,
2025,4,sii,2026-03-02,8271,宇瞻,7879573.0,1409194.0,9288767.0,4033603.0,102684.0,4136287.0,1281292,,1115655,2711837.0,-76434,,5032350,,,120130,5152480.0,,0,0.0,39.28,,,,,,,,,,,,,,,,,,,,,,,,,,,,,,,,,,,,,,,,,,,,,
2025,4,sii,2026-03-02,8940,新天地,472267.0,1685201.0,2157468.0,523359.0,775985.0,1299344.0,674910,,127463,-40118.0,,,762255,,,95869,858124.0,,0,0.0,11.29,,,,,,,,,,,,,,,,,,,,,,,,,,,,,,,,,,,,,,,,,,,,,
2025,4,sii,2026-03-02,9802,鈺齊-KY,9037112.0,12698139.0,21735251.0,6538595.0,1410917.0,7949512.0,2009917,,6605628,6124019.0,-970490,0,13769074,,,16665,13785739.0,,0,0.0,68.51,,,,,,,,,,,,,,,,,,,,,,,,,,,,,,,,,,,,,,,,,,,,,
2025,4,sii,2026-03-02,9905,大華,9510617.0,2104094.0,11614711.0,2698848.0,487802.0,3186650.0,3050000,,24431,4427313.0,662380,0,8164124,,,263937,8428061.0,0,0,0.0,26.77,,,,,,,,,,,,,,,,,,,,,,,,,,,,,,,,,,,,,,,,,,,,,
2025,4,sii,2026-03-02,9930,中聯資源,2942569.0,8553801.0,11496370.0,2262486.0,2406906.0,4669392.0,2485404,,162398,4108189.0,-161784,,6594207,,,232771,6826978.0,,0,0.0,26.53,,,,,,,,,,,,,,,,,,,,,,,,,,,,,,,,,,,,,,,,,,,,,
